customer_id,date,day_of_week,total_sleep_records,total_minutes_asleep,total_time_in_bed,sleep_efficiency,day_type,total_hours_asleep,total_hours_in_bed
1503960366,2016-04-12,Tuesday,1,327,346,94.5,Weekday,5.45,5.77
1503960366,2016-04-13,Wednesday,2,384,407,94.3,Weekday,6.4,6.78
1503960366,2016-04-15,Friday,1,412,442,93.2,Weekday,6.87,7.37
1503960366,2016-04-16,Saturday,2,340,367,92.6,Weekend,5.67,6.12
1503960366,2016-04-17,Sunday,1,700,712,98.3,Weekend,11.67,11.87
1503960366,2016-04-19,Tuesday,1,304,320,95.0,Weekday,5.07,5.33
1503960366,2016-04-20,Wednesday,1,360,377,95.5,Weekday,6.0,6.28
1503960366,2016-04-21,Thursday,1,325,364,89.3,Weekday,5.42,6.07
1503960366,2016-04-23,Saturday,1,361,384,94.0,Weekend,6.02,6.4
1503960366,2016-04-24,Sunday,1,430,449,95.8,Weekend,7.17,7.48
1503960366,2016-04-25,Monday,1,277,323,85.8,Weekday,4.62,5.38
1503960366,2016-04-26,Tuesday,1,245,274,89.4,Weekday,4.08,4.57
1503960366,2016-04-28,Thursday,1,366,393,93.1,Weekday,6.1,6.55
1503960366,2016-04-29,Friday,1,341,354,96.3,Weekday,5.68,5.9
1503960366,2016-04-30,Saturday,1,404,425,95.1,Weekend,6.73,7.08
1503960366,2016-05-01,Sunday,1,369,396,93.2,Weekend,6.15,6.6
1503960366,2016-05-02,Monday,1,277,309,89.6,Weekday,4.62,5.15
1503960366,2016-05-03,Tuesday,1,273,296,92.2,Weekday,4.55,4.93
1503960366,2016-05-05,Thursday,1,247,264,93.6,Weekday,4.12,4.4
1503960366,2016-05-06,Friday,1,334,367,91.0,Weekday,5.57,6.12
1503960366,2016-05-07,Saturday,1,331,349,94.8,Weekend,5.52,5.82
1503960366,2016-05-08,Sunday,1,594,611,97.2,Weekend,9.9,10.18
1503960366,2016-05-09,Monday,1,338,342,98.8,Weekday,5.63,5.7
1503960366,2016-05-10,Tuesday,1,383,403,95.0,Weekday,6.38,6.72
1503960366,2016-05-11,Wednesday,1,285,306,93.1,Weekday,4.75,5.1
1644430081,2016-04-29,Friday,1,119,127,93.7,Weekday,1.98,2.12
1644430081,2016-04-30,Saturday,1,124,142,87.3,Weekend,2.07,2.37
1644430081,2016-05-02,Monday,1,796,961,82.8,Weekday,13.27,16.02
1644430081,2016-05-08,Sunday,1,137,154,89.0,Weekend,2.28,2.57
1844505072,2016-04-15,Friday,1,644,961,67.0,Weekday,10.73,16.02
1844505072,2016-04-30,Saturday,1,722,961,75.1,Weekend,12.03,16.02
1844505072,2016-05-01,Sunday,1,590,961,61.4,Weekend,9.83,16.02
1927972279,2016-04-12,Tuesday,3,750,775,96.8,Weekday,12.5,12.92
1927972279,2016-04-13,Wednesday,1,398,422,94.3,Weekday,6.63,7.03
1927972279,2016-04-15,Friday,2,475,499,95.2,Weekday,7.92,8.32
1927972279,2016-04-26,Tuesday,1,296,315,94.0,Weekday,4.93,5.25
1927972279,2016-04-28,Thursday,1,166,178,93.3,Weekday,2.77,2.97
2026352035,2016-04-12,Tuesday,1,503,546,92.1,Weekday,8.38,9.1
2026352035,2016-04-13,Wednesday,1,531,565,94.0,Weekday,8.85,9.42
2026352035,2016-04-14,Thursday,1,545,568,96.0,Weekday,9.08,9.47
2026352035,2016-04-15,Friday,1,523,573,91.3,Weekday,8.72,9.55
2026352035,2016-04-16,Saturday,1,524,567,92.4,Weekend,8.73,9.45
2026352035,2016-04-17,Sunday,1,437,498,87.8,Weekend,7.28,8.3
2026352035,2016-04-19,Tuesday,1,498,540,92.2,Weekday,8.3,9.0
2026352035,2016-04-20,Wednesday,1,461,510,90.4,Weekday,7.68,8.5
2026352035,2016-04-21,Thursday,1,477,514,92.8,Weekday,7.95,8.57
2026352035,2016-04-22,Friday,1,520,545,95.4,Weekday,8.67,9.08
2026352035,2016-04-23,Saturday,1,522,554,94.2,Weekend,8.7,9.23
2026352035,2016-04-24,Sunday,1,555,591,93.9,Weekend,9.25,9.85
2026352035,2016-04-25,Monday,1,506,531,95.3,Weekday,8.43,8.85
2026352035,2016-04-27,Wednesday,1,508,545,93.2,Weekday,8.47,9.08
2026352035,2016-04-28,Thursday,1,513,545,94.1,Weekday,8.55,9.08
2026352035,2016-04-29,Friday,1,490,510,96.1,Weekday,8.17,8.5
2026352035,2016-04-30,Saturday,1,573,607,94.4,Weekend,9.55,10.12
2026352035,2016-05-01,Sunday,1,527,546,96.5,Weekend,8.78,9.1
2026352035,2016-05-02,Monday,1,511,543,94.1,Weekday,8.52,9.05
2026352035,2016-05-04,Wednesday,1,538,560,96.1,Weekday,8.97,9.33
2026352035,2016-05-05,Thursday,1,468,485,96.5,Weekday,7.8,8.08
2026352035,2016-05-06,Friday,1,524,548,95.6,Weekday,8.73,9.13
2026352035,2016-05-07,Saturday,1,511,521,98.1,Weekend,8.52,8.68
2026352035,2016-05-08,Sunday,1,541,568,95.2,Weekend,9.02,9.47
2026352035,2016-05-09,Monday,1,531,556,95.5,Weekday,8.85,9.27
2026352035,2016-05-10,Tuesday,1,357,380,93.9,Weekday,5.95,6.33
2026352035,2016-05-11,Wednesday,1,523,553,94.6,Weekday,8.72,9.22
2026352035,2016-05-12,Thursday,1,456,485,94.0,Weekday,7.6,8.08
2320127002,2016-04-23,Saturday,1,61,69,88.4,Weekend,1.02,1.15
2347167796,2016-04-13,Wednesday,1,467,531,87.9,Weekday,7.78,8.85
2347167796,2016-04-14,Thursday,1,445,489,91.0,Weekday,7.42,8.15
2347167796,2016-04-15,Friday,1,452,504,89.7,Weekday,7.53,8.4
2347167796,2016-04-17,Sunday,1,556,602,92.4,Weekend,9.27,10.03
2347167796,2016-04-18,Monday,1,500,557,89.8,Weekday,8.33,9.28
2347167796,2016-04-19,Tuesday,1,465,514,90.5,Weekday,7.75,8.57
2347167796,2016-04-21,Thursday,1,460,484,95.0,Weekday,7.67,8.07
2347167796,2016-04-22,Friday,1,405,461,87.9,Weekday,6.75,7.68
2347167796,2016-04-23,Saturday,1,374,386,96.9,Weekend,6.23,6.43
2347167796,2016-04-24,Sunday,1,442,459,96.3,Weekend,7.37,7.65
2347167796,2016-04-25,Monday,1,433,471,91.9,Weekday,7.22,7.85
2347167796,2016-04-26,Tuesday,1,436,490,89.0,Weekday,7.27,8.17
2347167796,2016-04-27,Wednesday,1,448,499,89.8,Weekday,7.47,8.32
2347167796,2016-04-28,Thursday,1,408,450,90.7,Weekday,6.8,7.5
2347167796,2016-04-29,Friday,1,411,473,86.9,Weekday,6.85,7.88
3977333714,2016-04-12,Tuesday,1,274,469,58.4,Weekday,4.57,7.82
3977333714,2016-04-13,Wednesday,2,295,456,64.7,Weekday,4.92,7.6
3977333714,2016-04-14,Thursday,1,291,397,73.3,Weekday,4.85,6.62
3977333714,2016-04-15,Friday,1,424,556,76.3,Weekday,7.07,9.27
3977333714,2016-04-16,Saturday,1,283,510,55.5,Weekend,4.72,8.5
3977333714,2016-04-17,Sunday,1,381,566,67.3,Weekend,6.35,9.43
3977333714,2016-04-18,Monday,2,412,522,78.9,Weekday,6.87,8.7
3977333714,2016-04-19,Tuesday,1,219,395,55.4,Weekday,3.65,6.58
3977333714,2016-04-20,Wednesday,2,152,305,49.8,Weekday,2.53,5.08
3977333714,2016-04-21,Thursday,1,332,512,64.8,Weekday,5.53,8.53
3977333714,2016-04-22,Friday,1,355,476,74.6,Weekday,5.92,7.93
3977333714,2016-04-23,Saturday,1,235,372,63.2,Weekend,3.92,6.2
3977333714,2016-04-24,Sunday,1,310,526,58.9,Weekend,5.17,8.77
3977333714,2016-04-25,Monday,1,262,467,56.1,Weekday,4.37,7.78
3977333714,2016-04-26,Tuesday,1,250,371,67.4,Weekday,4.17,6.18
3977333714,2016-04-27,Wednesday,1,349,540,64.6,Weekday,5.82,9.0
3977333714,2016-04-28,Thursday,1,261,423,61.7,Weekday,4.35,7.05
3977333714,2016-04-29,Friday,1,333,478,69.7,Weekday,5.55,7.97
3977333714,2016-04-30,Saturday,1,237,382,62.0,Weekend,3.95,6.37
3977333714,2016-05-01,Sunday,1,383,626,61.2,Weekend,6.38,10.43
3977333714,2016-05-02,Monday,1,230,384,59.9,Weekday,3.83,6.4
3977333714,2016-05-03,Tuesday,1,292,500,58.4,Weekday,4.87,8.33
3977333714,2016-05-04,Wednesday,1,213,336,63.4,Weekday,3.55,5.6
3977333714,2016-05-05,Thursday,1,318,480,66.2,Weekday,5.3,8.0
3977333714,2016-05-06,Friday,1,323,512,63.1,Weekday,5.38,8.53
3977333714,2016-05-07,Saturday,1,237,443,53.5,Weekend,3.95,7.38
3977333714,2016-05-08,Sunday,2,259,456,56.8,Weekend,4.32,7.6
3977333714,2016-05-10,Tuesday,1,312,452,69.0,Weekday,5.2,7.53
4020332650,2016-04-12,Tuesday,1,501,541,92.6,Weekday,8.35,9.02
4020332650,2016-04-16,Saturday,1,77,77,100.0,Weekend,1.28,1.28
4020332650,2016-05-03,Tuesday,1,322,332,97.0,Weekday,5.37,5.53
4020332650,2016-05-04,Wednesday,1,478,536,89.2,Weekday,7.97,8.93
4020332650,2016-05-05,Thursday,1,226,248,91.1,Weekday,3.77,4.13
4020332650,2016-05-06,Friday,1,385,408,94.4,Weekday,6.42,6.8
4020332650,2016-05-08,Sunday,1,364,402,90.5,Weekend,6.07,6.7
4020332650,2016-05-10,Tuesday,1,442,494,89.5,Weekday,7.37,8.23
4319703577,2016-04-14,Thursday,1,535,557,96.1,Weekday,8.92,9.28
4319703577,2016-04-15,Friday,1,465,491,94.7,Weekday,7.75,8.18
4319703577,2016-04-16,Saturday,1,506,522,96.9,Weekend,8.43,8.7
4319703577,2016-04-18,Monday,1,515,551,93.5,Weekday,8.58,9.18
4319703577,2016-04-19,Tuesday,2,461,498,92.6,Weekday,7.68,8.3
4319703577,2016-04-20,Wednesday,1,523,543,96.3,Weekday,8.72,9.05
4319703577,2016-04-21,Thursday,1,59,65,90.8,Weekday,0.98,1.08
4319703577,2016-04-22,Friday,1,533,550,96.9,Weekday,8.88,9.17
4319703577,2016-04-23,Saturday,1,692,722,95.8,Weekend,11.53,12.03
4319703577,2016-04-24,Sunday,1,467,501,93.2,Weekend,7.78,8.35
4319703577,2016-04-25,Monday,1,488,506,96.4,Weekday,8.13,8.43
4319703577,2016-04-26,Tuesday,1,505,516,97.9,Weekday,8.42,8.6
4319703577,2016-04-27,Wednesday,1,286,307,93.2,Weekday,4.77,5.12
4319703577,2016-04-28,Thursday,1,497,522,95.2,Weekday,8.28,8.7
4319703577,2016-04-29,Friday,1,523,546,95.8,Weekday,8.72,9.1
4319703577,2016-04-30,Saturday,1,490,516,95.0,Weekend,8.17,8.6
4319703577,2016-05-01,Sunday,1,484,500,96.8,Weekend,8.07,8.33
4319703577,2016-05-02,Monday,1,478,506,94.5,Weekday,7.97,8.43
4319703577,2016-05-03,Tuesday,1,474,512,92.6,Weekday,7.9,8.53
4319703577,2016-05-06,Friday,1,450,491,91.6,Weekday,7.5,8.18
4319703577,2016-05-07,Saturday,1,507,530,95.7,Weekend,8.45,8.83
4319703577,2016-05-08,Sunday,1,602,638,94.4,Weekend,10.03,10.63
4319703577,2016-05-09,Monday,1,535,565,94.7,Weekday,8.92,9.42
4319703577,2016-05-10,Tuesday,1,487,517,94.2,Weekday,8.12,8.62
4319703577,2016-05-11,Wednesday,1,529,558,94.8,Weekday,8.82,9.3
4319703577,2016-05-12,Thursday,1,302,321,94.1,Weekday,5.03,5.35
4388161847,2016-04-15,Friday,1,499,526,94.9,Weekday,8.32,8.77
4388161847,2016-04-16,Saturday,2,426,448,95.1,Weekend,7.1,7.47
4388161847,2016-04-17,Sunday,2,619,641,96.6,Weekend,10.32,10.68
4388161847,2016-04-18,Monday,1,99,104,95.2,Weekday,1.65,1.73
4388161847,2016-04-19,Tuesday,1,329,338,97.3,Weekday,5.48,5.63
4388161847,2016-04-20,Wednesday,1,421,451,93.3,Weekday,7.02,7.52
4388161847,2016-04-21,Thursday,1,442,458,96.5,Weekday,7.37,7.63
4388161847,2016-04-22,Friday,1,82,85,96.5,Weekday,1.37,1.42
4388161847,2016-04-23,Saturday,1,478,501,95.4,Weekend,7.97,8.35
4388161847,2016-04-24,Sunday,3,552,595,92.8,Weekend,9.2,9.92
4388161847,2016-04-26,Tuesday,1,319,346,92.2,Weekday,5.32,5.77
4388161847,2016-04-27,Wednesday,1,439,500,87.8,Weekday,7.32,8.33
4388161847,2016-04-28,Thursday,1,428,458,93.4,Weekday,7.13,7.63
4388161847,2016-04-30,Saturday,2,409,430,95.1,Weekend,6.82,7.17
4388161847,2016-05-01,Sunday,1,547,597,91.6,Weekend,9.12,9.95
4388161847,2016-05-02,Monday,2,368,376,97.9,Weekday,6.13,6.27
4388161847,2016-05-04,Wednesday,1,390,414,94.2,Weekday,6.5,6.9
4388161847,2016-05-05,Thursday,1,471,495,95.2,Weekday,7.85,8.25
4388161847,2016-05-07,Saturday,1,472,496,95.2,Weekend,7.87,8.27
4388161847,2016-05-08,Sunday,2,529,541,97.8,Weekend,8.82,9.02
4388161847,2016-05-09,Monday,1,62,65,95.4,Weekday,1.03,1.08
4388161847,2016-05-10,Tuesday,1,354,375,94.4,Weekday,5.9,6.25
4388161847,2016-05-11,Wednesday,1,469,494,94.9,Weekday,7.82,8.23
4445114986,2016-04-12,Tuesday,2,429,457,93.9,Weekday,7.15,7.62
4445114986,2016-04-13,Wednesday,2,370,406,91.1,Weekday,6.17,6.77
4445114986,2016-04-14,Thursday,1,441,492,89.6,Weekday,7.35,8.2
4445114986,2016-04-15,Friday,2,337,379,88.9,Weekday,5.62,6.32
4445114986,2016-04-16,Saturday,1,462,499,92.6,Weekend,7.7,8.32
4445114986,2016-04-17,Sunday,1,98,107,91.6,Weekend,1.63,1.78
4445114986,2016-04-19,Tuesday,2,388,424,91.5,Weekday,6.47,7.07
4445114986,2016-04-20,Wednesday,1,439,462,95.0,Weekday,7.32,7.7
4445114986,2016-04-21,Thursday,1,436,469,93.0,Weekday,7.27,7.82
4445114986,2016-04-22,Friday,1,388,417,93.0,Weekday,6.47,6.95
4445114986,2016-04-25,Monday,1,328,345,95.1,Weekday,5.47,5.75
4445114986,2016-04-26,Tuesday,2,353,391,90.3,Weekday,5.88,6.52
4445114986,2016-04-27,Wednesday,1,332,374,88.8,Weekday,5.53,6.23
4445114986,2016-04-28,Thursday,1,419,442,94.8,Weekday,6.98,7.37
4445114986,2016-04-29,Friday,1,106,108,98.1,Weekday,1.77,1.8
4445114986,2016-04-30,Saturday,1,322,353,91.2,Weekend,5.37,5.88
4445114986,2016-05-01,Sunday,2,439,459,95.6,Weekend,7.32,7.65
4445114986,2016-05-02,Monday,1,502,542,92.6,Weekday,8.37,9.03
4445114986,2016-05-03,Tuesday,2,417,450,92.7,Weekday,6.95,7.5
4445114986,2016-05-04,Wednesday,2,337,363,92.8,Weekday,5.62,6.05
4445114986,2016-05-05,Thursday,2,462,513,90.1,Weekday,7.7,8.55
4445114986,2016-05-06,Friday,2,374,402,93.0,Weekday,6.23,6.7
4445114986,2016-05-07,Saturday,2,401,436,92.0,Weekend,6.68,7.27
4445114986,2016-05-08,Sunday,1,361,391,92.3,Weekend,6.02,6.52
4445114986,2016-05-09,Monday,1,457,533,85.7,Weekday,7.62,8.88
4445114986,2016-05-10,Tuesday,1,405,426,95.1,Weekday,6.75,7.1
4445114986,2016-05-11,Wednesday,1,499,530,94.2,Weekday,8.32,8.83
4445114986,2016-05-12,Thursday,1,483,501,96.4,Weekday,8.05,8.35
4558609924,2016-04-21,Thursday,1,126,137,92.0,Weekday,2.1,2.28
4558609924,2016-04-26,Tuesday,1,103,121,85.1,Weekday,1.72,2.02
4558609924,2016-04-29,Friday,1,171,179,95.5,Weekday,2.85,2.98
4558609924,2016-05-01,Sunday,1,115,129,89.1,Weekend,1.92,2.15
4558609924,2016-05-08,Sunday,1,123,134,91.8,Weekend,2.05,2.23
4702921684,2016-04-12,Tuesday,1,425,439,96.8,Weekday,7.08,7.32
4702921684,2016-04-13,Wednesday,2,400,430,93.0,Weekday,6.67,7.17
4702921684,2016-04-14,Thursday,1,384,415,92.5,Weekday,6.4,6.92
4702921684,2016-04-15,Friday,1,253,257,98.4,Weekday,4.22,4.28
4702921684,2016-04-16,Saturday,2,382,406,94.1,Weekend,6.37,6.77
4702921684,2016-04-17,Sunday,1,591,612,96.6,Weekend,9.85,10.2
4702921684,2016-04-18,Monday,1,293,312,93.9,Weekday,4.88,5.2
4702921684,2016-04-19,Tuesday,1,457,487,93.8,Weekday,7.62,8.12
4702921684,2016-04-20,Wednesday,1,454,468,97.0,Weekday,7.57,7.8
4702921684,2016-04-21,Thursday,1,425,434,97.9,Weekday,7.08,7.23
4702921684,2016-04-23,Saturday,1,465,475,97.9,Weekend,7.75,7.92
4702921684,2016-04-24,Sunday,1,480,506,94.9,Weekend,8.0,8.43
4702921684,2016-04-25,Monday,1,370,380,97.4,Weekday,6.17,6.33
4702921684,2016-04-26,Tuesday,1,421,429,98.1,Weekday,7.02,7.15
4702921684,2016-04-27,Wednesday,1,432,449,96.2,Weekday,7.2,7.48
4702921684,2016-04-28,Thursday,1,442,461,95.9,Weekday,7.37,7.68
4702921684,2016-04-29,Friday,1,433,447,96.9,Weekday,7.22,7.45
4702921684,2016-04-30,Saturday,1,479,501,95.6,Weekend,7.98,8.35
4702921684,2016-05-03,Tuesday,1,327,373,87.7,Weekday,5.45,6.22
4702921684,2016-05-04,Wednesday,1,412,434,94.9,Weekday,6.87,7.23
4702921684,2016-05-05,Thursday,1,414,428,96.7,Weekday,6.9,7.13
4702921684,2016-05-06,Friday,1,404,449,90.0,Weekday,6.73,7.48
4702921684,2016-05-07,Saturday,1,520,543,95.8,Weekend,8.67,9.05
4702921684,2016-05-09,Monday,1,435,458,95.0,Weekday,7.25,7.63
4702921684,2016-05-10,Tuesday,1,416,431,96.5,Weekday,6.93,7.18
4702921684,2016-05-11,Wednesday,1,354,366,96.7,Weekday,5.9,6.1
4702921684,2016-05-12,Thursday,1,404,442,91.4,Weekday,6.73,7.37
5553957443,2016-04-12,Tuesday,1,441,464,95.0,Weekday,7.35,7.73
5553957443,2016-04-13,Wednesday,2,455,488,93.2,Weekday,7.58,8.13
5553957443,2016-04-14,Thursday,1,357,418,85.4,Weekday,5.95,6.97
5553957443,2016-04-15,Friday,1,377,409,92.2,Weekday,6.28,6.82
5553957443,2016-04-16,Saturday,2,651,686,94.9,Weekend,10.85,11.43
5553957443,2016-04-17,Sunday,1,350,402,87.1,Weekend,5.83,6.7
5553957443,2016-04-18,Monday,2,520,541,96.1,Weekday,8.67,9.02
5553957443,2016-04-19,Tuesday,1,357,410,87.1,Weekday,5.95,6.83
5553957443,2016-04-20,Wednesday,1,658,678,97.1,Weekday,10.97,11.3
5553957443,2016-04-21,Thursday,1,399,431,92.6,Weekday,6.65,7.18
5553957443,2016-04-22,Friday,1,322,353,91.2,Weekday,5.37,5.88
5553957443,2016-04-23,Saturday,2,631,725,87.0,Weekend,10.52,12.08
5553957443,2016-04-24,Sunday,2,553,640,86.4,Weekend,9.22,10.67
5553957443,2016-04-25,Monday,1,433,468,92.5,Weekday,7.22,7.8
5553957443,2016-04-26,Tuesday,1,412,453,90.9,Weekday,6.87,7.55
5553957443,2016-04-27,Wednesday,1,347,391,88.7,Weekday,5.78,6.52
5553957443,2016-04-28,Thursday,1,421,457,92.1,Weekday,7.02,7.62
5553957443,2016-04-29,Friday,1,450,495,90.9,Weekday,7.5,8.25
5553957443,2016-04-30,Saturday,2,775,843,91.9,Weekend,12.92,14.05
5553957443,2016-05-01,Sunday,2,622,686,90.7,Weekend,10.37,11.43
5553957443,2016-05-02,Monday,1,409,471,86.8,Weekday,6.82,7.85
5553957443,2016-05-03,Tuesday,1,380,429,88.6,Weekday,6.33,7.15
5553957443,2016-05-04,Wednesday,1,447,470,95.1,Weekday,7.45,7.83
5553957443,2016-05-05,Thursday,1,419,464,90.3,Weekday,6.98,7.73
5553957443,2016-05-06,Friday,1,400,434,92.2,Weekday,6.67,7.23
5553957443,2016-05-07,Saturday,1,442,470,94.0,Weekend,7.37,7.83
5553957443,2016-05-08,Sunday,1,568,608,93.4,Weekend,9.47,10.13
5553957443,2016-05-09,Monday,1,453,494,91.7,Weekday,7.55,8.23
5553957443,2016-05-10,Tuesday,1,418,443,94.4,Weekday,6.97,7.38
5553957443,2016-05-11,Wednesday,1,463,486,95.3,Weekday,7.72,8.1
5553957443,2016-05-12,Thursday,1,438,475,92.2,Weekday,7.3,7.92
5577150313,2016-04-12,Tuesday,1,419,438,95.7,Weekday,6.98,7.3
5577150313,2016-04-13,Wednesday,1,432,458,94.3,Weekday,7.2,7.63
5577150313,2016-04-14,Thursday,1,477,497,96.0,Weekday,7.95,8.28
5577150313,2016-04-15,Friday,1,392,413,94.9,Weekday,6.53,6.88
5577150313,2016-04-16,Saturday,1,406,445,91.2,Weekend,6.77,7.42
5577150313,2016-04-17,Sunday,1,549,583,94.2,Weekend,9.15,9.72
5577150313,2016-04-18,Monday,1,527,553,95.3,Weekday,8.78,9.22
5577150313,2016-04-19,Tuesday,1,449,465,96.6,Weekday,7.48,7.75
5577150313,2016-04-20,Wednesday,1,447,480,93.1,Weekday,7.45,8.0
5577150313,2016-04-21,Thursday,1,414,437,94.7,Weekday,6.9,7.28
5577150313,2016-04-22,Friday,1,338,366,92.3,Weekday,5.63,6.1
5577150313,2016-04-23,Saturday,1,384,402,95.5,Weekend,6.4,6.7
5577150313,2016-04-24,Sunday,1,543,615,88.3,Weekend,9.05,10.25
5577150313,2016-04-25,Monday,1,421,461,91.3,Weekday,7.02,7.68
5577150313,2016-04-26,Tuesday,1,354,377,93.9,Weekday,5.9,6.28
5577150313,2016-04-27,Wednesday,1,424,452,93.8,Weekday,7.07,7.53
5577150313,2016-04-28,Thursday,1,361,372,97.0,Weekday,6.02,6.2
5577150313,2016-04-29,Friday,1,459,485,94.6,Weekday,7.65,8.08
5577150313,2016-04-30,Saturday,1,412,433,95.2,Weekend,6.87,7.22
5577150313,2016-05-01,Sunday,1,379,398,95.2,Weekend,6.32,6.63
5577150313,2016-05-02,Monday,2,525,553,94.9,Weekday,8.75,9.22
5577150313,2016-05-03,Tuesday,1,508,543,93.6,Weekday,8.47,9.05
5577150313,2016-05-04,Wednesday,1,603,634,95.1,Weekday,10.05,10.57
5577150313,2016-05-05,Thursday,1,74,78,94.9,Weekday,1.23,1.3
5577150313,2016-05-10,Tuesday,1,504,562,89.7,Weekday,8.4,9.37
5577150313,2016-05-11,Wednesday,1,431,476,90.5,Weekday,7.18,7.93
6117666160,2016-04-16,Saturday,1,380,398,95.5,Weekend,6.33,6.63
6117666160,2016-04-17,Sunday,2,336,350,96.0,Weekend,5.6,5.83
6117666160,2016-04-18,Monday,2,493,510,96.7,Weekday,8.22,8.5
6117666160,2016-04-19,Tuesday,1,465,492,94.5,Weekday,7.75,8.2
6117666160,2016-04-20,Wednesday,1,474,502,94.4,Weekday,7.9,8.37
6117666160,2016-04-21,Thursday,1,508,550,92.4,Weekday,8.47,9.17
6117666160,2016-04-22,Friday,1,480,546,87.9,Weekday,8.0,9.1
6117666160,2016-04-23,Saturday,1,492,539,91.3,Weekend,8.2,8.98
6117666160,2016-04-24,Sunday,1,353,367,96.2,Weekend,5.88,6.12
6117666160,2016-04-27,Wednesday,1,542,557,97.3,Weekday,9.03,9.28
6117666160,2016-04-28,Thursday,1,393,416,94.5,Weekday,6.55,6.93
6117666160,2016-04-29,Friday,1,600,636,94.3,Weekday,10.0,10.6
6117666160,2016-05-01,Sunday,1,507,575,88.2,Weekend,8.45,9.58
6117666160,2016-05-05,Thursday,1,392,415,94.5,Weekday,6.53,6.92
6117666160,2016-05-06,Friday,2,658,698,94.3,Weekday,10.97,11.63
6117666160,2016-05-07,Saturday,2,498,507,98.2,Weekend,8.3,8.45
6117666160,2016-05-08,Sunday,1,555,603,92.0,Weekend,9.25,10.05
6117666160,2016-05-09,Monday,1,492,522,94.3,Weekday,8.2,8.7
6775888955,2016-04-13,Wednesday,1,235,260,90.4,Weekday,3.92,4.33
6775888955,2016-04-14,Thursday,1,423,441,95.9,Weekday,7.05,7.35
6775888955,2016-04-15,Friday,1,391,406,96.3,Weekday,6.52,6.77
6962181067,2016-04-12,Tuesday,1,366,387,94.6,Weekday,6.1,6.45
6962181067,2016-04-13,Wednesday,3,630,679,92.8,Weekday,10.5,11.32
6962181067,2016-04-14,Thursday,2,508,535,95.0,Weekday,8.47,8.92
6962181067,2016-04-15,Friday,1,370,386,95.9,Weekday,6.17,6.43
6962181067,2016-04-16,Saturday,1,357,366,97.5,Weekend,5.95,6.1
6962181067,2016-04-17,Sunday,1,427,446,95.7,Weekend,7.12,7.43
6962181067,2016-04-18,Monday,1,442,458,96.5,Weekday,7.37,7.63
6962181067,2016-04-19,Tuesday,1,476,535,89.0,Weekday,7.93,8.92
6962181067,2016-04-20,Wednesday,1,418,424,98.6,Weekday,6.97,7.07
6962181067,2016-04-21,Thursday,1,451,457,98.7,Weekday,7.52,7.62
6962181067,2016-04-22,Friday,1,425,435,97.7,Weekday,7.08,7.25
6962181067,2016-04-23,Saturday,1,528,546,96.7,Weekend,8.8,9.1
6962181067,2016-04-24,Sunday,1,511,514,99.4,Weekend,8.52,8.57
6962181067,2016-04-25,Monday,1,400,415,96.4,Weekday,6.67,6.92
6962181067,2016-04-26,Tuesday,1,441,446,98.9,Weekday,7.35,7.43
6962181067,2016-04-27,Wednesday,1,455,467,97.4,Weekday,7.58,7.78
6962181067,2016-04-28,Thursday,1,440,453,97.1,Weekday,7.33,7.55
6962181067,2016-04-29,Friday,1,433,447,96.9,Weekday,7.22,7.45
6962181067,2016-04-30,Saturday,1,422,424,99.5,Weekend,7.03,7.07
6962181067,2016-05-01,Sunday,1,411,426,96.5,Weekend,6.85,7.1
6962181067,2016-05-02,Monday,1,466,482,96.7,Weekday,7.77,8.03
6962181067,2016-05-03,Tuesday,1,394,418,94.3,Weekday,6.57,6.97
6962181067,2016-05-04,Wednesday,1,442,455,97.1,Weekday,7.37,7.58
6962181067,2016-05-05,Thursday,1,467,491,95.1,Weekday,7.78,8.18
6962181067,2016-05-06,Friday,1,443,462,95.9,Weekday,7.38,7.7
6962181067,2016-05-07,Saturday,1,298,334,89.2,Weekend,4.97,5.57
6962181067,2016-05-08,Sunday,1,541,569,95.1,Weekend,9.02,9.48
6962181067,2016-05-09,Monday,1,489,497,98.4,Weekday,8.15,8.28
6962181067,2016-05-10,Tuesday,1,469,481,97.5,Weekday,7.82,8.02
6962181067,2016-05-11,Wednesday,1,452,480,94.2,Weekday,7.53,8.0
6962181067,2016-05-12,Thursday,1,516,535,96.4,Weekday,8.6,8.92
7007744171,2016-04-16,Saturday,1,79,82,96.3,Weekend,1.32,1.37
7007744171,2016-05-01,Sunday,1,58,61,95.1,Weekend,0.97,1.02
7086361926,2016-04-12,Tuesday,1,514,525,97.9,Weekday,8.57,8.75
7086361926,2016-04-13,Wednesday,1,451,465,97.0,Weekday,7.52,7.75
7086361926,2016-04-14,Thursday,1,472,476,99.2,Weekday,7.87,7.93
7086361926,2016-04-15,Friday,1,377,386,97.7,Weekday,6.28,6.43
7086361926,2016-04-19,Tuesday,1,472,483,97.7,Weekday,7.87,8.05
7086361926,2016-04-20,Wednesday,1,492,502,98.0,Weekday,8.2,8.37
7086361926,2016-04-21,Thursday,1,390,411,94.9,Weekday,6.5,6.85
7086361926,2016-04-22,Friday,1,428,448,95.5,Weekday,7.13,7.47
7086361926,2016-04-24,Sunday,1,681,704,96.7,Weekend,11.35,11.73
7086361926,2016-04-25,Monday,1,446,447,99.8,Weekday,7.43,7.45
7086361926,2016-04-26,Tuesday,1,485,500,97.0,Weekday,8.08,8.33
7086361926,2016-04-27,Wednesday,1,469,479,97.9,Weekday,7.82,7.98
7086361926,2016-04-28,Thursday,1,354,367,96.5,Weekday,5.9,6.12
7086361926,2016-04-30,Saturday,1,485,489,99.2,Weekend,8.08,8.15
7086361926,2016-05-01,Sunday,1,388,407,95.3,Weekend,6.47,6.78
7086361926,2016-05-02,Monday,1,440,459,95.9,Weekday,7.33,7.65
7086361926,2016-05-03,Tuesday,1,456,461,98.9,Weekday,7.6,7.68
7086361926,2016-05-04,Wednesday,1,420,436,96.3,Weekday,7.0,7.27
7086361926,2016-05-06,Friday,1,322,333,96.7,Weekday,5.37,5.55
7086361926,2016-05-07,Saturday,1,530,548,96.7,Weekend,8.83,9.13
7086361926,2016-05-08,Sunday,1,481,510,94.3,Weekend,8.02,8.5
7086361926,2016-05-09,Monday,1,427,438,97.5,Weekday,7.12,7.3
7086361926,2016-05-11,Wednesday,1,451,463,97.4,Weekday,7.52,7.72
7086361926,2016-05-12,Thursday,1,444,457,97.2,Weekday,7.4,7.62
8053475328,2016-04-20,Wednesday,1,486,493,98.6,Weekday,8.1,8.22
8053475328,2016-04-23,Saturday,1,331,337,98.2,Weekend,5.52,5.62
8053475328,2016-05-07,Saturday,1,74,75,98.7,Weekend,1.23,1.25
8378563200,2016-04-12,Tuesday,1,338,356,94.9,Weekday,5.63,5.93
8378563200,2016-04-13,Wednesday,2,447,487,91.8,Weekday,7.45,8.12
8378563200,2016-04-14,Thursday,1,424,455,93.2,Weekday,7.07,7.58
8378563200,2016-04-15,Friday,1,513,533,96.2,Weekday,8.55,8.88
8378563200,2016-04-16,Saturday,2,611,689,88.7,Weekend,10.18,11.48
8378563200,2016-04-17,Sunday,2,525,591,88.8,Weekend,8.75,9.85
8378563200,2016-04-18,Monday,1,398,451,88.2,Weekday,6.63,7.52
8378563200,2016-04-19,Tuesday,1,387,421,91.9,Weekday,6.45,7.02
8378563200,2016-04-20,Wednesday,1,381,409,93.2,Weekday,6.35,6.82
8378563200,2016-04-21,Thursday,1,396,417,95.0,Weekday,6.6,6.95
8378563200,2016-04-22,Friday,1,441,469,94.0,Weekday,7.35,7.82
8378563200,2016-04-23,Saturday,1,565,591,95.6,Weekend,9.42,9.85
8378563200,2016-04-24,Sunday,1,458,492,93.1,Weekend,7.63,8.2
8378563200,2016-04-25,Monday,1,388,402,96.5,Weekday,6.47,6.7
8378563200,2016-04-26,Tuesday,1,550,584,94.2,Weekday,9.17,9.73
8378563200,2016-04-27,Wednesday,1,531,600,88.5,Weekday,8.85,10.0
8378563200,2016-04-28,Thursday,1,506,556,91.0,Weekday,8.43,9.27
8378563200,2016-04-29,Friday,1,527,562,93.8,Weekday,8.78,9.37
8378563200,2016-04-30,Saturday,1,468,555,84.3,Weekend,7.8,9.25
8378563200,2016-05-01,Sunday,1,475,539,88.1,Weekend,7.92,8.98
8378563200,2016-05-02,Monday,1,351,385,91.2,Weekday,5.85,6.42
8378563200,2016-05-03,Tuesday,1,405,429,94.4,Weekday,6.75,7.15
8378563200,2016-05-04,Wednesday,1,441,477,92.5,Weekday,7.35,7.95
8378563200,2016-05-05,Thursday,1,381,417,91.4,Weekday,6.35,6.95
8378563200,2016-05-06,Friday,1,323,355,91.0,Weekday,5.38,5.92
8378563200,2016-05-07,Saturday,2,459,513,89.5,Weekend,7.65,8.55
8378563200,2016-05-08,Sunday,1,545,606,89.9,Weekend,9.08,10.1
8378563200,2016-05-09,Monday,1,359,399,90.0,Weekday,5.98,6.65
8378563200,2016-05-10,Tuesday,1,342,391,87.5,Weekday,5.7,6.52
8378563200,2016-05-11,Wednesday,1,368,387,95.1,Weekday,6.13,6.45
8378563200,2016-05-12,Thursday,1,496,546,90.8,Weekday,8.27,9.1
8792009665,2016-04-12,Tuesday,1,458,493,92.9,Weekday,7.63,8.22
8792009665,2016-04-13,Wednesday,1,531,552,96.2,Weekday,8.85,9.2
8792009665,2016-04-14,Thursday,1,486,503,96.6,Weekday,8.1,8.38
8792009665,2016-04-15,Friday,1,363,377,96.3,Weekday,6.05,6.28
8792009665,2016-04-20,Wednesday,1,528,547,96.5,Weekday,8.8,9.12
8792009665,2016-04-22,Friday,1,391,407,96.1,Weekday,6.52,6.78
8792009665,2016-04-23,Saturday,1,339,360,94.2,Weekend,5.65,6.0
8792009665,2016-04-27,Wednesday,1,423,428,98.8,Weekday,7.05,7.13
8792009665,2016-04-28,Thursday,1,402,416,96.6,Weekday,6.7,6.93
8792009665,2016-04-29,Friday,1,398,406,98.0,Weekday,6.63,6.77
8792009665,2016-04-30,Saturday,1,343,360,95.3,Weekend,5.72,6.0
8792009665,2016-05-01,Sunday,1,503,527,95.4,Weekend,8.38,8.78
8792009665,2016-05-02,Monday,1,415,423,98.1,Weekday,6.92,7.05
8792009665,2016-05-03,Tuesday,1,516,545,94.7,Weekday,8.6,9.08
8792009665,2016-05-04,Wednesday,1,439,463,94.8,Weekday,7.32,7.72
