customer_id,date,day_of_week,total_steps,total_distance,tracker_distance,very_active_distance,moderately_active_distance,light_active_distance,sedentary_active_distance,very_active_minutes,fairly_active_minutes,lightly_active_minutes,sedentary_minutes,calories,month,total_active_minutes,steps_to_distance_ratio
1503960366,2016-04-12,Tuesday,13162,8.5,8.5,1.88,0.55,6.06,0.0,25,13,328,728,1985,4,366,1548.5
1503960366,2016-04-13,Wednesday,10735,6.97,6.97,1.57,0.69,4.71,0.0,21,19,217,776,1797,4,257,1540.2
1503960366,2016-04-14,Thursday,10460,6.74,6.74,2.44,0.4,3.91,0.0,30,11,181,1218,1776,4,222,1551.9
1503960366,2016-04-15,Friday,9762,6.28,6.28,2.14,1.26,2.83,0.0,29,34,209,726,1745,4,272,1554.5
1503960366,2016-04-16,Saturday,12669,8.16,8.16,2.71,0.41,5.04,0.0,36,10,221,773,1863,4,267,1552.6
1503960366,2016-04-17,Sunday,9705,6.48,6.48,3.19,0.78,2.51,0.0,38,20,164,539,1728,4,222,1497.7
1503960366,2016-04-18,Monday,13019,8.59,8.59,3.25,0.64,4.71,0.0,42,16,233,1149,1921,4,291,1515.6
1503960366,2016-04-19,Tuesday,15506,9.88,9.88,3.53,1.32,5.03,0.0,50,31,264,775,2035,4,345,1569.4
1503960366,2016-04-20,Wednesday,10544,6.68,6.68,1.96,0.48,4.24,0.0,28,12,205,818,1786,4,245,1578.4
1503960366,2016-04-21,Thursday,9819,6.34,6.34,1.34,0.35,4.65,0.0,19,8,211,838,1775,4,238,1548.7
1503960366,2016-04-22,Friday,12764,8.13,8.13,4.76,1.12,2.24,0.0,66,27,130,1217,1827,4,223,1570.0
1503960366,2016-04-23,Saturday,14371,9.04,9.04,2.81,0.87,5.36,0.0,41,21,262,732,1949,4,324,1589.7
1503960366,2016-04-24,Sunday,10039,6.41,6.41,2.92,0.21,3.28,0.0,39,5,238,709,1788,4,282,1566.1
1503960366,2016-04-25,Monday,15355,9.8,9.8,5.29,0.57,3.94,0.0,73,14,216,814,2013,4,303,1566.8
1503960366,2016-04-26,Tuesday,13755,8.79,8.79,2.33,0.92,5.54,0.0,31,23,279,833,1970,4,333,1564.8
1503960366,2016-04-27,Wednesday,18134,12.21,12.21,6.4,0.41,5.41,0.0,78,11,243,1108,2159,4,332,1485.2
1503960366,2016-04-28,Thursday,13154,8.53,8.53,3.54,1.16,3.79,0.0,48,28,189,782,1898,4,265,1542.1
1503960366,2016-04-29,Friday,11181,7.15,7.15,1.06,0.5,5.58,0.0,16,12,243,815,1837,4,271,1563.8
1503960366,2016-04-30,Saturday,14673,9.25,9.25,3.56,1.42,4.27,0.0,52,34,217,712,1947,4,303,1586.3
1503960366,2016-05-01,Sunday,10602,6.81,6.81,2.29,1.6,2.92,0.0,33,35,246,730,1820,5,314,1556.8
1503960366,2016-05-02,Monday,14727,9.71,9.71,3.21,0.57,5.92,0.0,41,15,277,798,2004,5,333,1516.7
1503960366,2016-05-03,Tuesday,15103,9.66,9.66,3.73,1.05,4.88,0.0,50,24,254,816,1990,5,328,1563.5
1503960366,2016-05-04,Wednesday,11100,7.15,7.15,2.46,0.87,3.82,0.0,36,22,203,1179,1819,5,261,1552.4
1503960366,2016-05-05,Thursday,14070,8.9,8.9,2.92,1.08,4.88,0.0,45,24,250,857,1959,5,319,1580.9
1503960366,2016-05-06,Friday,12159,8.03,8.03,1.97,0.25,5.81,0.0,24,6,289,754,1896,5,319,1514.2
1503960366,2016-05-07,Saturday,11992,7.71,7.71,2.46,2.12,3.13,0.0,37,46,175,833,1821,5,258,1555.4
1503960366,2016-05-08,Sunday,10060,6.58,6.58,3.53,0.32,2.73,0.0,44,8,203,574,1740,5,255,1528.9
1503960366,2016-05-09,Monday,12022,7.72,7.72,3.45,0.53,3.74,0.0,46,11,206,835,1819,5,263,1557.3
1503960366,2016-05-10,Tuesday,12207,7.77,7.77,3.35,1.16,3.26,0.0,46,31,214,746,1859,5,291,1571.0
1503960366,2016-05-11,Wednesday,12770,8.13,8.13,2.56,1.01,4.55,0.0,36,23,251,669,1783,5,310,1570.7
1503960366,2016-05-12,Thursday,0,0.0,0.0,0.0,0.0,0.0,0.0,0,0,0,1440,0,5,0,
1624580081,2016-04-12,Tuesday,8163,5.31,5.31,0.0,0.0,5.31,0.0,0,0,146,1294,1432,4,146,1537.3
1624580081,2016-04-13,Wednesday,7007,4.55,4.55,0.0,0.0,4.55,0.0,0,0,148,1292,1411,4,148,1540.0
1624580081,2016-04-14,Thursday,9107,5.92,5.92,0.0,0.0,5.91,0.01,0,0,236,1204,1572,4,236,1538.3
1624580081,2016-04-15,Friday,1510,0.98,0.98,0.0,0.0,0.97,0.0,0,0,96,1344,1344,4,96,1540.8
1624580081,2016-04-16,Saturday,5370,3.49,3.49,0.0,0.0,3.49,0.0,0,0,176,1264,1463,4,176,1538.7
1624580081,2016-04-17,Sunday,6175,4.06,4.06,1.03,1.52,1.49,0.01,15,22,127,1276,1554,4,164,1520.9
1624580081,2016-04-18,Monday,10536,7.41,7.41,2.15,0.62,4.62,0.01,17,7,202,1214,1604,4,226,1421.9
1624580081,2016-04-19,Tuesday,2916,1.9,1.9,0.0,0.0,1.9,0.0,0,0,141,1299,1435,4,141,1534.7
1624580081,2016-04-20,Wednesday,4974,3.23,3.23,0.0,0.0,3.23,0.0,0,0,151,1289,1446,4,151,1539.9
1624580081,2016-04-21,Thursday,6349,4.13,4.13,0.0,0.0,4.11,0.02,0,0,186,1254,1467,4,186,1537.3
1624580081,2016-04-22,Friday,4026,2.62,2.62,0.0,0.0,2.6,0.0,0,0,199,1241,1470,4,199,1536.6
1624580081,2016-04-23,Saturday,8538,5.55,5.55,0.0,0.0,5.54,0.01,0,0,227,1213,1562,4,227,1538.4
1624580081,2016-04-24,Sunday,6076,3.95,3.95,1.15,0.91,1.89,0.0,16,18,185,1221,1617,4,219,1538.2
1624580081,2016-04-25,Monday,6497,4.22,4.22,0.0,0.0,4.2,0.02,0,0,202,1238,1492,4,202,1539.6
1624580081,2016-04-26,Tuesday,2826,1.84,1.84,0.0,0.0,1.83,0.01,0,0,140,1300,1402,4,140,1535.9
1624580081,2016-04-27,Wednesday,8367,5.44,5.44,1.11,1.87,2.46,0.0,17,36,154,1233,1670,4,207,1538.1
1624580081,2016-04-28,Thursday,2759,1.79,1.79,0.0,0.2,1.6,0.0,0,5,115,1320,1401,4,120,1541.3
1624580081,2016-04-29,Friday,2390,1.55,1.55,0.0,0.0,1.55,0.0,0,0,150,1290,1404,4,150,1541.9
1624580081,2016-04-30,Saturday,6474,4.3,4.3,0.9,1.28,2.12,0.01,11,23,224,1182,1655,4,258,1505.6
1624580081,2016-05-01,Sunday,36019,28.03,28.03,21.92,4.19,1.91,0.02,186,63,171,1020,2690,5,420,1285.0
1624580081,2016-05-02,Monday,7155,4.93,4.93,0.86,0.59,3.47,0.0,7,6,166,1261,1497,5,179,1451.3
1624580081,2016-05-03,Tuesday,2100,1.37,1.37,0.0,0.0,1.34,0.02,0,0,96,1344,1334,5,96,1532.8
1624580081,2016-05-04,Wednesday,2193,1.43,1.43,0.0,0.0,1.42,0.0,0,0,118,1322,1368,5,118,1533.6
1624580081,2016-05-05,Thursday,2470,1.61,1.61,0.0,0.0,1.58,0.02,0,0,117,1323,1370,5,117,1534.2
1624580081,2016-05-06,Friday,1727,1.12,1.12,0.0,0.0,1.12,0.01,0,0,102,1338,1341,5,102,1542.0
1624580081,2016-05-07,Saturday,2104,1.37,1.37,0.0,0.0,1.37,0.0,0,0,182,1258,1474,5,182,1535.8
1624580081,2016-05-08,Sunday,3427,2.23,2.23,0.0,0.0,2.22,0.0,0,0,152,1288,1427,5,152,1536.8
1624580081,2016-05-09,Monday,1732,1.13,1.13,0.0,0.0,1.13,0.0,0,0,91,1349,1328,5,91,1532.7
1624580081,2016-05-10,Tuesday,2969,1.93,1.93,0.0,0.0,1.92,0.01,0,0,139,1301,1393,5,139,1538.3
1624580081,2016-05-11,Wednesday,3134,2.04,2.04,0.0,0.0,2.04,0.0,0,0,112,1328,1359,5,112,1536.3
1624580081,2016-05-12,Thursday,2971,1.93,1.93,0.0,0.0,1.92,0.01,0,0,107,890,1002,5,107,1539.4
1644430081,2016-04-12,Tuesday,10694,7.77,7.77,0.14,2.3,5.33,0.0,2,51,256,1131,3199,4,309,1376.3
1644430081,2016-04-13,Wednesday,8001,5.82,5.82,2.28,0.9,2.64,0.0,30,16,135,1259,2902,4,181,1374.7
1644430081,2016-04-14,Thursday,11037,8.02,8.02,0.36,2.56,5.1,0.0,5,58,252,1125,3226,4,315,1376.2
1644430081,2016-04-15,Friday,5263,3.83,3.83,0.22,0.15,3.45,0.0,3,4,170,1263,2750,4,177,1374.2
1644430081,2016-04-16,Saturday,15300,11.12,11.12,4.1,1.88,5.09,0.0,51,42,212,1135,3493,4,305,1375.9
1644430081,2016-04-17,Sunday,8757,6.37,6.37,2.25,0.57,3.55,0.0,29,13,186,1212,3011,4,228,1374.7
1644430081,2016-04-18,Monday,7132,5.19,5.19,1.07,1.67,2.45,0.0,15,33,121,1271,2806,4,169,1374.2
1644430081,2016-04-19,Tuesday,11256,8.18,8.18,0.36,2.53,5.3,0.0,5,58,278,1099,3300,4,341,1376.0
1644430081,2016-04-20,Wednesday,2436,1.77,1.77,0.0,0.0,1.76,0.01,0,0,125,1315,2430,4,125,1376.3
1644430081,2016-04-21,Thursday,1223,0.89,0.89,0.0,0.0,0.88,0.01,0,0,38,1402,2140,4,38,1374.2
1644430081,2016-04-22,Friday,3673,2.67,2.67,0.0,0.0,2.66,0.01,0,0,86,1354,2344,4,86,1375.7
1644430081,2016-04-23,Saturday,6637,4.83,4.83,0.0,0.58,4.25,0.0,0,15,160,1265,2677,4,175,1374.1
1644430081,2016-04-24,Sunday,3321,2.41,2.41,0.0,0.0,2.41,0.0,0,0,89,1351,2413,4,89,1378.0
1644430081,2016-04-25,Monday,3580,2.6,2.6,0.59,0.06,1.95,0.0,8,1,94,1337,2497,4,103,1376.9
1644430081,2016-04-26,Tuesday,9919,7.21,7.21,0.8,1.72,4.69,0.0,11,41,223,1165,3123,4,275,1375.7
1644430081,2016-04-27,Wednesday,3032,2.2,2.2,0.0,0.0,2.2,0.0,0,0,118,1322,2489,4,118,1378.2
1644430081,2016-04-28,Thursday,9405,6.84,6.84,0.2,2.32,4.31,0.0,3,53,227,1157,3108,4,283,1375.0
1644430081,2016-04-29,Friday,3176,2.31,2.31,0.0,0.0,2.31,0.0,0,0,120,1193,2498,4,120,1374.9
1644430081,2016-04-30,Saturday,18213,13.24,13.24,0.63,3.14,9.46,0.0,9,71,402,816,3846,4,482,1375.6
1644430081,2016-05-01,Sunday,6132,4.46,4.46,0.24,0.99,3.23,0.0,3,24,146,908,2696,5,173,1374.9
1644430081,2016-05-02,Monday,3758,2.73,2.73,0.07,0.31,2.35,0.0,1,7,148,682,2580,5,156,1376.6
1644430081,2016-05-03,Tuesday,12850,9.34,9.34,0.72,4.09,4.54,0.0,10,94,221,1115,3324,5,325,1375.8
1644430081,2016-05-04,Wednesday,2309,1.68,1.68,0.0,0.0,1.66,0.02,0,0,52,1388,2222,5,52,1374.4
1644430081,2016-05-05,Thursday,4363,3.19,3.19,0.52,0.54,2.13,0.01,6,12,81,1341,2463,5,99,1367.7
1644430081,2016-05-06,Friday,9787,7.12,7.12,0.82,0.27,6.01,0.02,11,6,369,1054,3328,5,386,1374.6
1644430081,2016-05-07,Saturday,13372,9.72,9.72,3.26,0.79,5.67,0.01,41,17,243,1139,3404,5,301,1375.7
1644430081,2016-05-08,Sunday,6724,4.89,4.89,0.0,0.0,4.88,0.0,0,0,295,991,2987,5,295,1375.1
1644430081,2016-05-09,Monday,6643,4.83,4.83,2.39,0.35,2.09,0.01,32,6,303,1099,3008,5,341,1375.4
1644430081,2016-05-10,Tuesday,9167,6.66,6.66,0.88,0.81,4.97,0.01,12,19,155,1254,2799,5,186,1376.4
1644430081,2016-05-11,Wednesday,1329,0.97,0.97,0.0,0.0,0.95,0.01,0,0,49,713,1276,5,49,1370.1
1844505072,2016-04-12,Tuesday,6697,4.43,4.43,0.0,0.0,4.43,0.0,0,0,339,1101,2030,4,339,1511.7
1844505072,2016-04-13,Wednesday,4929,3.26,3.26,0.0,0.0,3.26,0.0,0,0,248,1192,1860,4,248,1512.0
1844505072,2016-04-14,Thursday,7937,5.25,5.25,0.0,0.0,5.23,0.0,0,0,373,843,2130,4,373,1511.8
1844505072,2016-04-15,Friday,3844,2.54,2.54,0.0,0.0,2.54,0.0,0,0,176,527,1725,4,176,1513.4
1844505072,2016-04-16,Saturday,3414,2.26,2.26,0.0,0.0,2.26,0.0,0,0,147,1293,1657,4,147,1510.6
1844505072,2016-04-17,Sunday,4525,2.99,2.99,0.14,0.26,2.59,0.0,2,8,199,1231,1793,4,209,1513.4
1844505072,2016-04-18,Monday,4597,3.04,3.04,0.0,0.48,2.56,0.0,0,12,217,1211,1814,4,229,1512.2
1844505072,2016-04-19,Tuesday,197,0.13,0.13,0.0,0.0,0.13,0.0,0,0,10,1430,1366,4,10,1515.4
1844505072,2016-04-20,Wednesday,8,0.01,0.01,0.0,0.0,0.01,0.0,0,0,1,1439,1349,4,1,800.0
1844505072,2016-04-21,Thursday,8054,5.32,5.32,0.12,0.52,4.68,0.0,2,13,308,1117,2062,4,323,1513.9
1844505072,2016-04-22,Friday,5372,3.55,3.55,0.0,0.0,3.55,0.0,0,0,220,1220,1827,4,220,1513.2
1844505072,2016-04-23,Saturday,3570,2.36,2.36,0.0,0.0,2.36,0.0,0,0,139,1301,1645,4,139,1512.7
1844505072,2016-04-24,Sunday,0,0.0,0.0,0.0,0.0,0.0,0.0,0,0,0,1440,1347,4,0,
1844505072,2016-04-25,Monday,0,0.0,0.0,0.0,0.0,0.0,0.0,0,0,0,1440,1347,4,0,
1844505072,2016-04-26,Tuesday,0,0.0,0.0,0.0,0.0,0.0,0.0,0,0,0,1440,1347,4,0,
1844505072,2016-04-27,Wednesday,4,0.0,0.0,0.0,0.0,0.0,0.0,0,0,1,1439,1348,4,1,
1844505072,2016-04-28,Thursday,6907,4.57,4.57,0.0,0.0,4.56,0.0,0,0,302,1138,1992,4,302,1511.4
1844505072,2016-04-29,Friday,4920,3.25,3.25,0.0,0.0,3.25,0.0,0,0,247,1082,1856,4,247,1513.8
1844505072,2016-04-30,Saturday,4014,2.67,2.67,0.0,0.0,2.65,0.0,0,0,184,218,1763,4,184,1503.4
1844505072,2016-05-01,Sunday,2573,1.7,1.7,0.0,0.26,1.45,0.0,0,7,75,585,1541,5,82,1513.5
1844505072,2016-05-02,Monday,0,0.0,0.0,0.0,0.0,0.0,0.0,0,0,0,1440,1348,5,0,
1844505072,2016-05-03,Tuesday,4059,2.68,2.68,0.0,0.0,2.68,0.0,0,0,184,1256,1742,5,184,1514.6
1844505072,2016-05-04,Wednesday,2080,1.37,1.37,0.0,0.0,1.37,0.0,0,0,87,1353,1549,5,87,1518.2
1844505072,2016-05-05,Thursday,2237,1.48,1.48,0.0,0.0,1.48,0.0,0,0,120,1320,1589,5,120,1511.5
1844505072,2016-05-06,Friday,44,0.03,0.03,0.0,0.0,0.03,0.0,0,0,2,1438,1351,5,2,1466.7
1844505072,2016-05-07,Saturday,0,0.0,0.0,0.0,0.0,0.0,0.0,0,0,0,1440,1347,5,0,
1844505072,2016-05-08,Sunday,0,0.0,0.0,0.0,0.0,0.0,0.0,0,0,0,1440,1347,5,0,
1844505072,2016-05-09,Monday,0,0.0,0.0,0.0,0.0,0.0,0.0,0,0,0,1440,1347,5,0,
1844505072,2016-05-10,Tuesday,0,0.0,0.0,0.0,0.0,0.0,0.0,0,0,0,1440,1347,5,0,
1844505072,2016-05-11,Wednesday,0,0.0,0.0,0.0,0.0,0.0,0.0,0,0,0,1440,1347,5,0,
1844505072,2016-05-12,Thursday,0,0.0,0.0,0.0,0.0,0.0,0.0,0,0,0,711,665,5,0,
1927972279,2016-04-12,Tuesday,678,0.47,0.47,0.0,0.0,0.47,0.0,0,0,55,734,2220,4,55,1442.6
1927972279,2016-04-13,Wednesday,356,0.25,0.25,0.0,0.0,0.25,0.0,0,0,32,986,2151,4,32,1424.0
1927972279,2016-04-14,Thursday,2163,1.5,1.5,0.0,0.4,1.1,0.0,0,9,88,1292,2383,4,97,1442.0
1927972279,2016-04-15,Friday,980,0.68,0.68,0.0,0.0,0.68,0.0,0,0,51,941,2221,4,51,1441.2
1927972279,2016-04-16,Saturday,0,0.0,0.0,0.0,0.0,0.0,0.0,0,0,0,1440,2064,4,0,
1927972279,2016-04-17,Sunday,0,0.0,0.0,0.0,0.0,0.0,0.0,0,0,0,1440,2063,4,0,
1927972279,2016-04-18,Monday,244,0.17,0.17,0.0,0.0,0.17,0.0,0,0,17,1423,2111,4,17,1435.3
1927972279,2016-04-19,Tuesday,0,0.0,0.0,0.0,0.0,0.0,0.0,0,0,0,1440,2063,4,0,
1927972279,2016-04-20,Wednesday,0,0.0,0.0,0.0,0.0,0.0,0.0,0,0,0,1440,2063,4,0,
1927972279,2016-04-21,Thursday,0,0.0,0.0,0.0,0.0,0.0,0.0,0,0,0,1440,2064,4,0,
1927972279,2016-04-22,Friday,149,0.1,0.1,0.0,0.0,0.1,0.0,0,0,10,1430,2093,4,10,1490.0
1927972279,2016-04-23,Saturday,2945,2.04,2.04,0.0,0.0,2.04,0.0,0,0,145,1295,2499,4,145,1443.6
1927972279,2016-04-24,Sunday,2090,1.45,1.45,0.07,0.24,1.14,0.0,1,6,75,1358,2324,4,82,1441.4
1927972279,2016-04-25,Monday,152,0.11,0.11,0.0,0.0,0.11,0.0,0,0,12,1303,2100,4,12,1381.8
1927972279,2016-04-26,Tuesday,3761,2.6,2.6,0.0,0.0,2.6,0.0,0,0,192,1058,2638,4,192,1446.5
1927972279,2016-04-27,Wednesday,0,0.0,0.0,0.0,0.0,0.0,0.0,0,0,0,1440,2063,4,0,
1927972279,2016-04-28,Thursday,1675,1.16,1.16,0.0,0.0,1.16,0.0,0,0,95,1167,2351,4,95,1444.0
1927972279,2016-04-29,Friday,0,0.0,0.0,0.0,0.0,0.0,0.0,0,0,0,1440,2063,4,0,
1927972279,2016-04-30,Saturday,0,0.0,0.0,0.0,0.0,0.0,0.0,0,0,0,1440,2064,4,0,
1927972279,2016-05-01,Sunday,2704,1.87,1.87,1.01,0.03,0.83,0.0,14,1,70,1355,2411,5,85,1446.0
1927972279,2016-05-02,Monday,3790,2.62,2.62,1.16,0.3,1.16,0.0,16,8,94,1322,2505,5,118,1446.6
1927972279,2016-05-03,Tuesday,1326,0.92,0.92,0.73,0.0,0.18,0.0,10,0,17,1413,2195,5,27,1441.3
1927972279,2016-05-04,Wednesday,1786,1.24,1.24,0.0,0.0,1.24,0.0,0,0,87,1353,2338,5,87,1440.3
1927972279,2016-05-05,Thursday,0,0.0,0.0,0.0,0.0,0.0,0.0,0,0,0,1440,2063,5,0,
1927972279,2016-05-06,Friday,2091,1.45,1.45,0.0,0.0,1.45,0.0,0,0,108,1332,2383,5,108,1442.1
1927972279,2016-05-07,Saturday,1510,1.04,1.04,0.0,0.0,1.04,0.0,0,0,48,1392,2229,5,48,1451.9
1927972279,2016-05-08,Sunday,0,0.0,0.0,0.0,0.0,0.0,0.0,0,0,0,1440,2063,5,0,
1927972279,2016-05-09,Monday,0,0.0,0.0,0.0,0.0,0.0,0.0,0,0,0,1440,2063,5,0,
1927972279,2016-05-10,Tuesday,0,0.0,0.0,0.0,0.0,0.0,0.0,0,0,0,1440,2063,5,0,
1927972279,2016-05-11,Wednesday,0,0.0,0.0,0.0,0.0,0.0,0.0,0,0,0,1440,2063,5,0,
1927972279,2016-05-12,Thursday,0,0.0,0.0,0.0,0.0,0.0,0.0,0,0,0,966,1383,5,0,
2022484408,2016-04-12,Tuesday,11875,8.34,8.34,3.31,0.77,4.26,0.0,42,14,227,1157,2390,4,283,1423.9
2022484408,2016-04-13,Wednesday,12024,8.5,8.5,2.99,0.1,5.41,0.0,43,5,292,1100,2601,4,340,1414.6
2022484408,2016-04-14,Thursday,10690,7.5,7.5,2.48,0.21,4.82,0.0,32,3,257,1148,2312,4,292,1425.3
2022484408,2016-04-15,Friday,11034,8.03,8.03,1.94,0.31,5.78,0.0,27,9,282,1122,2525,4,318,1374.1
2022484408,2016-04-16,Saturday,10100,7.09,7.09,3.15,0.55,3.39,0.0,41,11,151,1237,2177,4,203,1424.5
2022484408,2016-04-17,Sunday,15112,11.4,11.4,3.87,0.66,6.88,0.0,28,29,331,1052,2782,4,388,1325.6
2022484408,2016-04-18,Monday,14131,10.07,10.07,3.64,0.12,6.3,0.0,48,3,311,1078,2770,4,362,1403.3
2022484408,2016-04-19,Tuesday,11548,8.53,8.53,3.29,0.24,5.0,0.0,31,7,250,1152,2489,4,288,1353.8
2022484408,2016-04-20,Wednesday,15112,10.67,10.67,3.34,1.93,5.4,0.0,48,63,276,1053,2897,4,387,1416.3
2022484408,2016-04-21,Thursday,12453,8.74,8.74,3.33,1.11,4.31,0.0,104,53,255,1028,3158,4,412,1424.8
2022484408,2016-04-22,Friday,12954,9.33,9.33,4.43,0.42,4.47,0.0,52,10,273,1105,2638,4,335,1388.4
2022484408,2016-04-23,Saturday,6001,4.21,4.21,0.0,0.0,4.21,0.0,0,0,249,1191,2069,4,249,1425.4
2022484408,2016-04-24,Sunday,13481,10.28,10.28,4.55,1.15,4.58,0.0,37,26,216,1161,2529,4,279,1311.4
2022484408,2016-04-25,Monday,11369,8.01,8.01,3.33,0.22,4.46,0.0,44,8,217,1171,2470,4,269,1419.4
2022484408,2016-04-26,Tuesday,10119,7.19,7.19,1.43,0.66,5.11,0.0,55,24,275,1086,2793,4,354,1407.4
2022484408,2016-04-27,Wednesday,10159,7.13,7.13,1.04,0.97,5.12,0.0,19,20,282,1119,2463,4,321,1424.8
2022484408,2016-04-28,Thursday,10140,7.12,7.12,0.41,1.33,5.39,0.0,6,20,291,1123,2296,4,317,1424.2
2022484408,2016-04-29,Friday,10245,7.19,7.19,0.48,1.21,5.5,0.0,21,40,281,1098,2611,4,342,1424.9
2022484408,2016-04-30,Saturday,18387,12.91,12.91,0.94,1.4,10.57,0.0,13,23,361,1043,2732,4,397,1424.2
2022484408,2016-05-01,Sunday,10538,7.4,7.4,1.94,0.96,4.5,0.0,25,28,245,1142,2380,5,298,1424.1
2022484408,2016-05-02,Monday,10379,7.29,7.29,2.61,0.34,4.33,0.0,36,8,277,1119,2473,5,321,1423.7
2022484408,2016-05-03,Tuesday,12183,8.74,8.74,3.99,0.46,4.28,0.0,72,14,250,1104,2752,5,336,1393.9
2022484408,2016-05-04,Wednesday,11768,8.29,8.29,2.51,0.93,4.85,0.0,36,27,272,1105,2649,5,335,1419.5
2022484408,2016-05-05,Thursday,11895,8.35,8.35,2.79,0.86,4.7,0.0,55,20,253,1112,2609,5,328,1424.6
2022484408,2016-05-06,Friday,10227,7.18,7.18,1.87,0.67,4.64,0.0,24,17,295,1104,2498,5,336,1424.4
2022484408,2016-05-07,Saturday,6708,4.71,4.71,1.61,0.08,3.02,0.0,20,2,149,1269,1995,5,171,1424.2
2022484408,2016-05-08,Sunday,3292,2.31,2.31,0.0,0.0,2.31,0.0,0,0,135,1305,1848,5,135,1425.1
2022484408,2016-05-09,Monday,13379,9.39,9.39,2.12,1.63,5.64,0.0,35,47,297,1061,2709,5,379,1424.8
2022484408,2016-05-10,Tuesday,12798,8.98,8.98,2.22,1.21,5.56,0.0,57,28,271,1084,2797,5,356,1425.2
2022484408,2016-05-11,Wednesday,13272,9.32,9.32,4.18,1.15,3.99,0.0,58,25,224,1133,2544,5,307,1424.0
2022484408,2016-05-12,Thursday,9117,6.41,6.41,1.28,0.67,4.44,0.0,16,16,236,728,1853,5,268,1422.3
2026352035,2016-04-12,Tuesday,4414,2.74,2.74,0.19,0.35,2.2,0.0,3,8,181,706,1459,4,192,1610.9
2026352035,2016-04-13,Wednesday,4993,3.1,3.1,0.0,0.0,3.1,0.0,0,0,238,663,1521,4,238,1610.6
2026352035,2016-04-14,Thursday,3335,2.07,2.07,0.0,0.0,2.05,0.0,0,0,197,653,1431,4,197,1611.1
2026352035,2016-04-15,Friday,3821,2.37,2.37,0.0,0.0,2.37,0.0,0,0,188,687,1444,4,188,1612.2
2026352035,2016-04-16,Saturday,2547,1.58,1.58,0.0,0.0,1.58,0.0,0,0,150,728,1373,4,150,1612.0
2026352035,2016-04-17,Sunday,838,0.52,0.52,0.0,0.0,0.52,0.0,0,0,60,1053,1214,4,60,1611.5
2026352035,2016-04-18,Monday,3325,2.06,2.06,0.0,0.0,2.06,0.0,0,0,182,1062,1419,4,182,1614.1
2026352035,2016-04-19,Tuesday,2424,1.5,1.5,0.0,0.0,1.5,0.0,0,0,141,785,1356,4,141,1616.0
2026352035,2016-04-20,Wednesday,7222,4.48,4.48,0.0,0.0,4.48,0.0,0,0,327,623,1667,4,327,1612.1
2026352035,2016-04-21,Thursday,2467,1.53,1.53,0.0,0.0,1.53,0.0,0,0,153,749,1370,4,153,1612.4
2026352035,2016-04-22,Friday,2915,1.81,1.81,0.0,0.0,1.81,0.0,0,0,162,712,1399,4,162,1610.5
2026352035,2016-04-23,Saturday,12357,7.71,7.71,0.0,0.0,7.71,0.0,0,0,432,458,1916,4,432,1602.7
2026352035,2016-04-24,Sunday,3490,2.16,2.16,0.0,0.0,2.16,0.0,0,0,164,704,1401,4,164,1615.7
2026352035,2016-04-25,Monday,6017,3.73,3.73,0.0,0.0,3.73,0.0,0,0,260,821,1576,4,260,1613.1
2026352035,2016-04-26,Tuesday,5933,3.68,3.68,0.0,0.0,3.68,0.0,0,0,288,1018,1595,4,288,1612.2
2026352035,2016-04-27,Wednesday,6088,3.77,3.77,0.0,0.0,3.77,0.0,0,0,286,586,1593,4,286,1614.9
2026352035,2016-04-28,Thursday,6375,3.95,3.95,0.0,0.0,3.95,0.0,0,0,331,626,1649,4,331,1613.9
2026352035,2016-04-29,Friday,7604,4.71,4.71,0.0,0.0,4.71,0.0,0,0,352,492,1692,4,352,1614.4
2026352035,2016-04-30,Saturday,4729,2.93,2.93,0.0,0.0,2.93,0.0,0,0,233,594,1506,4,233,1614.0
2026352035,2016-05-01,Sunday,3609,2.28,2.28,0.0,0.0,2.28,0.0,0,0,191,716,1447,5,191,1582.9
2026352035,2016-05-02,Monday,7018,4.35,4.35,0.0,0.0,4.35,0.0,0,0,355,716,1690,5,355,1613.3
2026352035,2016-05-03,Tuesday,5992,3.72,3.72,0.0,0.0,3.72,0.0,0,0,304,981,1604,5,304,1610.8
2026352035,2016-05-04,Wednesday,6564,4.07,4.07,0.0,0.0,4.07,0.0,0,0,345,530,1658,5,345,1612.8
2026352035,2016-05-05,Thursday,12167,7.54,7.54,0.0,0.0,7.54,0.0,0,0,475,479,1926,5,475,1613.7
2026352035,2016-05-06,Friday,8198,5.08,5.08,0.0,0.0,5.08,0.0,0,0,383,511,1736,5,383,1613.8
2026352035,2016-05-07,Saturday,4193,2.6,2.6,0.0,0.0,2.6,0.0,0,0,229,665,1491,5,229,1612.7
2026352035,2016-05-08,Sunday,5528,3.45,3.45,0.0,0.0,3.45,0.0,0,0,258,610,1555,5,258,1602.3
2026352035,2016-05-09,Monday,10685,6.62,6.62,0.0,0.0,6.6,0.0,0,0,401,543,1869,5,401,1614.0
2026352035,2016-05-10,Tuesday,254,0.16,0.16,0.0,0.0,0.16,0.0,0,0,17,1002,1141,5,17,1587.5
2026352035,2016-05-11,Wednesday,8580,5.32,5.32,0.0,0.0,5.32,0.0,0,0,330,569,1698,5,330,1612.8
2026352035,2016-05-12,Thursday,8891,5.51,5.51,0.0,0.0,5.51,0.0,0,0,343,330,1364,5,343,1613.6
2320127002,2016-04-12,Tuesday,10725,7.49,7.49,1.17,0.31,6.01,0.0,13,9,306,1112,2124,4,328,1431.9
2320127002,2016-04-13,Wednesday,7275,4.9,4.9,0.0,0.0,4.9,0.0,0,0,335,1105,2003,4,335,1484.7
2320127002,2016-04-14,Thursday,3973,2.68,2.68,0.0,0.0,2.68,0.0,0,0,191,1249,1696,4,191,1482.5
2320127002,2016-04-15,Friday,5205,3.51,3.51,0.0,0.0,3.51,0.0,0,0,245,1195,1801,4,245,1482.9
2320127002,2016-04-16,Saturday,5057,3.41,3.41,0.0,0.0,3.4,0.0,0,0,195,1245,1724,4,195,1483.0
2320127002,2016-04-17,Sunday,6198,4.18,4.18,0.0,0.0,4.18,0.0,0,0,249,1191,1852,4,249,1482.8
2320127002,2016-04-18,Monday,6559,4.42,4.42,0.0,0.26,4.14,0.0,0,7,260,1173,1905,4,267,1483.9
2320127002,2016-04-19,Tuesday,5997,4.04,4.04,0.0,0.38,3.66,0.0,0,11,228,1201,1811,4,239,1484.4
2320127002,2016-04-20,Wednesday,7192,4.85,4.85,0.0,0.49,4.34,0.0,0,11,283,1146,1922,4,294,1482.9
2320127002,2016-04-21,Thursday,3404,2.29,2.29,0.06,0.42,1.81,0.0,1,10,127,1302,1610,4,138,1486.5
2320127002,2016-04-22,Friday,5583,3.76,3.76,0.0,0.0,3.76,0.0,0,0,266,1174,1851,4,266,1484.8
2320127002,2016-04-23,Saturday,5079,3.42,3.42,0.0,0.0,3.42,0.0,0,0,242,1129,1804,4,242,1485.1
2320127002,2016-04-24,Sunday,4165,2.81,2.81,0.0,0.0,2.8,0.0,0,0,204,1236,1725,4,204,1482.2
2320127002,2016-04-25,Monday,3588,2.42,2.42,0.23,0.2,1.99,0.0,3,5,152,1280,1654,4,160,1482.6
2320127002,2016-04-26,Tuesday,3409,2.3,2.3,0.0,0.0,2.3,0.0,0,0,147,1293,1632,4,147,1482.2
2320127002,2016-04-27,Wednesday,1715,1.16,1.16,0.0,0.0,1.16,0.0,0,0,82,1358,1481,4,82,1478.4
2320127002,2016-04-28,Thursday,1532,1.03,1.03,0.0,0.0,1.03,0.0,0,0,76,1364,1473,4,76,1487.4
2320127002,2016-04-29,Friday,924,0.62,0.62,0.0,0.0,0.62,0.0,0,0,45,1395,1410,4,45,1490.3
2320127002,2016-04-30,Saturday,4571,3.08,3.08,0.0,0.0,3.07,0.0,0,0,234,1206,1779,4,234,1484.1
2320127002,2016-05-01,Sunday,772,0.52,0.52,0.0,0.0,0.52,0.0,0,0,40,1400,1403,5,40,1484.6
2320127002,2016-05-02,Monday,3634,2.45,2.45,0.36,0.21,1.88,0.0,5,6,123,1306,1613,5,134,1483.3
2320127002,2016-05-03,Tuesday,7443,5.02,5.02,1.49,0.37,3.16,0.0,20,10,206,1204,1878,5,236,1482.7
2320127002,2016-05-04,Wednesday,1201,0.81,0.81,0.0,0.0,0.81,0.0,0,0,52,1388,1426,5,52,1482.7
2320127002,2016-05-05,Thursday,5202,3.51,3.51,0.0,0.39,3.11,0.0,0,11,223,1206,1780,5,234,1482.1
2320127002,2016-05-06,Friday,4878,3.29,3.29,0.0,0.0,3.29,0.0,0,0,204,1236,1742,5,204,1482.7
2320127002,2016-05-07,Saturday,7379,4.97,4.97,0.0,0.0,4.97,0.0,0,0,319,1121,1972,5,319,1484.7
2320127002,2016-05-08,Sunday,5161,3.48,3.48,0.0,0.0,3.47,0.0,0,0,247,1193,1821,5,247,1483.0
2320127002,2016-05-09,Monday,3090,2.08,2.08,0.0,0.0,2.08,0.0,0,0,145,1295,1630,5,145,1485.6
2320127002,2016-05-10,Tuesday,6227,4.2,4.2,0.0,0.0,4.2,0.0,0,0,290,1150,1899,5,290,1482.6
2320127002,2016-05-11,Wednesday,6424,4.33,4.33,0.0,0.0,4.33,0.0,0,0,300,1140,1903,5,300,1483.6
2320127002,2016-05-12,Thursday,2661,1.79,1.79,0.0,0.0,1.79,0.0,0,0,128,830,1125,5,128,1486.6
2347167796,2016-04-12,Tuesday,10113,6.83,6.83,2.0,0.62,4.2,0.0,28,13,320,964,2344,4,361,1480.7
2347167796,2016-04-13,Wednesday,10352,7.01,7.01,1.66,1.94,3.41,0.0,19,32,195,676,2038,4,246,1476.7
2347167796,2016-04-14,Thursday,10129,6.7,6.7,0.02,2.74,3.94,0.0,1,48,206,705,2010,4,255,1511.8
2347167796,2016-04-15,Friday,10465,6.92,6.92,0.07,1.42,5.43,0.0,1,24,284,720,2133,4,309,1512.3
2347167796,2016-04-16,Saturday,22244,15.08,15.08,5.45,4.1,5.53,0.0,66,72,268,968,2670,4,406,1475.1
2347167796,2016-04-17,Sunday,5472,3.62,3.62,0.08,0.28,3.26,0.0,1,7,249,508,1882,4,257,1511.6
2347167796,2016-04-18,Monday,8247,5.45,5.45,0.79,0.86,3.79,0.0,11,16,206,678,1944,4,233,1513.2
2347167796,2016-04-19,Tuesday,6711,4.44,4.44,0.0,0.0,4.44,0.0,0,7,382,648,2346,4,389,1511.5
2347167796,2016-04-20,Wednesday,10999,7.27,7.27,0.68,1.81,4.78,0.0,11,43,269,1011,2198,4,323,1512.9
2347167796,2016-04-21,Thursday,10080,6.75,6.75,1.85,1.53,3.38,0.0,23,26,208,761,2048,4,257,1493.3
2347167796,2016-04-22,Friday,7804,5.16,5.16,0.56,1.68,2.92,0.0,9,27,206,781,1946,4,242,1512.4
2347167796,2016-04-23,Saturday,16901,11.37,11.37,2.78,1.45,7.15,0.0,32,35,360,591,2629,4,427,1486.5
2347167796,2016-04-24,Sunday,9471,6.26,6.26,0.0,0.0,6.26,0.0,0,0,360,584,2187,4,360,1512.9
2347167796,2016-04-25,Monday,9482,6.38,6.38,1.27,0.52,4.6,0.0,15,11,277,653,2095,4,303,1486.2
2347167796,2016-04-26,Tuesday,5980,3.95,3.95,0.0,0.0,3.95,0.0,0,0,227,732,1861,4,227,1513.9
2347167796,2016-04-27,Wednesday,11423,7.58,7.58,1.86,0.4,5.32,0.0,26,9,295,623,2194,4,330,1507.0
2347167796,2016-04-28,Thursday,5439,3.6,3.6,0.0,0.0,3.6,0.0,0,0,229,764,1854,4,229,1510.8
2347167796,2016-04-29,Friday,42,0.03,0.03,0.0,0.0,0.03,0.0,0,0,4,2,403,4,4,1400.0
2873212765,2016-04-12,Tuesday,8796,5.91,5.91,0.11,0.93,4.88,0.0,2,21,356,1061,1982,4,379,1488.3
2873212765,2016-04-13,Wednesday,7618,5.12,5.12,0.0,0.22,4.88,0.02,0,8,404,1028,2004,4,412,1487.9
2873212765,2016-04-14,Thursday,7910,5.32,5.32,0.0,0.0,5.32,0.0,0,0,331,1109,1893,4,331,1486.8
2873212765,2016-04-15,Friday,8482,5.7,5.7,0.0,0.0,5.69,0.01,0,0,448,992,2063,4,448,1488.1
2873212765,2016-04-16,Saturday,9685,6.65,6.65,3.11,0.02,3.51,0.01,47,1,305,1087,2148,4,353,1456.4
2873212765,2016-04-17,Sunday,2524,1.7,1.7,0.0,0.35,1.34,0.0,0,8,160,1272,1529,4,168,1484.7
2873212765,2016-04-18,Monday,7762,5.24,5.24,0.07,0.28,4.89,0.0,1,6,311,1122,1890,4,318,1481.3
2873212765,2016-04-19,Tuesday,7948,5.37,5.37,0.0,0.0,5.36,0.0,0,0,389,1051,1956,4,389,1480.1
2873212765,2016-04-20,Wednesday,9202,6.3,6.3,1.51,0.12,4.66,0.01,22,5,378,1035,2094,4,405,1460.6
2873212765,2016-04-21,Thursday,8859,5.98,5.98,0.13,0.37,5.47,0.01,2,10,371,1057,1970,4,383,1481.4
2873212765,2016-04-22,Friday,7286,4.9,4.9,0.46,0.0,4.42,0.02,46,0,366,1028,2241,4,412,1486.9
2873212765,2016-04-23,Saturday,9317,6.35,6.35,2.09,0.23,4.02,0.01,28,5,330,1077,2021,4,363,1467.2
2873212765,2016-04-24,Sunday,6873,4.68,4.68,3.0,0.06,1.62,0.0,46,1,190,1203,1898,4,237,1468.6
2873212765,2016-04-25,Monday,7373,4.95,4.95,0.0,0.0,4.95,0.0,0,0,359,1081,1907,4,359,1489.5
2873212765,2016-04-26,Tuesday,8242,5.54,5.54,0.12,0.18,5.24,0.0,2,5,309,1124,1882,4,316,1487.7
2873212765,2016-04-27,Wednesday,3516,2.36,2.36,0.0,0.0,2.36,0.0,46,0,197,1197,1966,4,243,1489.8
2873212765,2016-04-28,Thursday,7913,5.41,5.41,2.16,0.34,2.91,0.0,28,7,213,1192,1835,4,248,1462.7
2873212765,2016-04-29,Friday,7365,4.95,4.95,1.36,1.41,2.18,0.0,20,23,206,1191,1780,4,249,1487.9
2873212765,2016-04-30,Saturday,8452,5.68,5.68,0.33,1.08,4.26,0.01,5,20,248,1167,1830,4,273,1488.0
2873212765,2016-05-01,Sunday,7399,4.97,4.97,0.49,1.04,3.44,0.0,7,18,196,1219,1739,5,221,1488.7
2873212765,2016-05-02,Monday,7525,5.06,5.06,0.0,0.21,4.83,0.02,0,7,334,1099,1878,5,341,1487.2
2873212765,2016-05-03,Tuesday,7412,4.98,4.98,0.06,0.25,4.66,0.01,1,6,363,1070,1906,5,370,1488.4
2873212765,2016-05-04,Wednesday,8278,5.56,5.56,0.0,0.0,5.56,0.0,0,0,420,1020,2015,5,420,1488.8
2873212765,2016-05-05,Thursday,8314,5.61,5.61,0.78,0.8,4.03,0.0,13,23,311,1093,1971,5,347,1482.0
2873212765,2016-05-06,Friday,7063,4.75,4.75,0.0,0.12,4.61,0.01,0,5,370,1065,1910,5,375,1486.9
2873212765,2016-05-07,Saturday,4940,3.38,3.38,2.28,0.55,0.55,0.0,75,11,52,1302,1897,5,138,1461.5
2873212765,2016-05-08,Sunday,8168,5.54,5.54,2.9,0.0,2.64,0.0,46,0,326,1068,2096,5,372,1474.4
2873212765,2016-05-09,Monday,7726,5.19,5.19,0.0,0.0,5.19,0.0,0,0,345,1095,1906,5,345,1488.6
2873212765,2016-05-10,Tuesday,8275,5.56,5.56,0.0,0.0,5.55,0.01,0,0,373,1067,1962,5,373,1488.3
2873212765,2016-05-11,Wednesday,6440,4.33,4.33,0.0,0.0,4.32,0.01,0,0,319,1121,1826,5,319,1487.3
2873212765,2016-05-12,Thursday,7566,5.11,5.11,0.0,0.0,5.11,0.0,0,0,268,720,1431,5,268,1480.6
3372868164,2016-04-12,Tuesday,4747,3.24,3.24,0.0,0.0,3.23,0.01,0,0,280,1160,1788,4,280,1465.1
3372868164,2016-04-13,Wednesday,9715,6.63,6.63,0.99,0.34,5.27,0.02,16,8,371,1045,2093,4,395,1465.3
3372868164,2016-04-14,Thursday,8844,6.03,6.03,0.34,1.03,4.65,0.01,6,25,370,1039,2065,4,401,1466.7
3372868164,2016-04-15,Friday,7451,5.08,5.08,0.0,0.0,5.06,0.02,0,0,335,1105,1908,4,335,1466.7
3372868164,2016-04-16,Saturday,6905,4.73,4.73,0.0,0.0,4.7,0.03,0,0,356,1084,1908,4,356,1459.8
3372868164,2016-04-17,Sunday,8199,5.88,5.88,1.41,0.1,4.36,0.01,11,2,322,1105,1964,4,335,1394.4
3372868164,2016-04-18,Monday,6798,4.64,4.64,1.08,0.2,3.35,0.0,20,7,343,1070,2014,4,370,1465.1
3372868164,2016-04-19,Tuesday,7711,5.26,5.26,0.0,0.0,5.24,0.02,0,0,376,1064,1985,4,376,1466.0
3372868164,2016-04-20,Wednesday,4880,3.33,3.33,0.84,0.09,2.38,0.02,15,3,274,1148,1867,4,292,1465.5
3372868164,2016-04-21,Thursday,8857,6.07,6.07,1.15,0.26,4.64,0.01,18,9,376,1037,2124,4,403,1459.1
3372868164,2016-04-22,Friday,3843,2.62,2.62,0.0,0.0,2.61,0.01,0,0,206,1234,1669,4,206,1466.8
3372868164,2016-04-23,Saturday,7396,5.07,5.07,1.4,0.08,3.58,0.0,20,2,303,1115,1995,4,325,1458.8
3372868164,2016-04-24,Sunday,6731,4.59,4.59,0.89,0.19,3.49,0.02,14,7,292,1127,1921,4,313,1466.4
3372868164,2016-04-25,Monday,5995,4.09,4.09,0.0,0.0,4.09,0.0,0,0,416,1024,2010,4,416,1465.8
3372868164,2016-04-26,Tuesday,8283,5.79,5.79,1.85,0.05,3.87,0.01,22,2,333,1083,2057,4,357,1430.6
3372868164,2016-04-27,Wednesday,7904,5.42,5.42,1.58,0.63,3.19,0.01,24,13,346,1057,2095,4,383,1458.3
3372868164,2016-04-28,Thursday,5512,3.76,3.76,0.0,0.0,3.76,0.0,0,0,385,1055,1972,4,385,1466.0
3372868164,2016-04-29,Friday,9135,6.23,6.23,0.0,0.0,6.22,0.01,0,0,402,1038,2044,4,402,1466.3
3372868164,2016-04-30,Saturday,5250,3.58,3.58,1.06,0.09,2.42,0.01,17,4,300,1119,1946,4,321,1466.5
3372868164,2016-05-01,Sunday,3077,2.1,2.1,0.0,0.0,2.09,0.0,0,0,172,842,1237,5,172,1465.2
3977333714,2016-04-12,Tuesday,8856,5.98,5.98,3.06,0.91,2.01,0.0,44,19,131,777,1450,4,194,1480.9
3977333714,2016-04-13,Wednesday,10035,6.71,6.71,2.03,2.13,2.55,0.0,31,46,153,754,1495,4,230,1495.5
3977333714,2016-04-14,Thursday,7641,5.11,5.11,0.32,0.97,3.82,0.0,5,23,214,801,1433,4,242,1495.3
3977333714,2016-04-15,Friday,9010,6.06,6.06,1.05,1.75,3.26,0.0,15,42,183,644,1468,4,240,1486.8
3977333714,2016-04-16,Saturday,13459,9.0,9.0,2.03,4.0,2.97,0.0,31,83,153,663,1625,4,267,1495.4
3977333714,2016-04-17,Sunday,10415,6.97,6.97,0.7,2.35,3.92,0.0,11,58,205,600,1529,4,274,1494.3
3977333714,2016-04-18,Monday,11663,7.8,7.8,0.25,3.73,3.82,0.0,4,95,214,605,1584,4,313,1495.3
3977333714,2016-04-19,Tuesday,12414,8.78,8.78,2.24,2.45,3.96,0.0,19,67,221,738,1638,4,307,1413.9
3977333714,2016-04-20,Wednesday,11658,7.83,7.83,0.2,4.35,3.28,0.0,2,98,164,845,1554,4,264,1488.9
3977333714,2016-04-21,Thursday,6093,4.08,4.08,0.0,0.0,4.06,0.0,0,0,242,712,1397,4,242,1493.4
3977333714,2016-04-22,Friday,8911,5.96,5.96,2.33,0.58,3.06,0.0,33,12,188,731,1481,4,233,1495.1
3977333714,2016-04-23,Saturday,12058,8.07,8.07,0.0,4.22,3.85,0.0,0,92,252,724,1638,4,344,1494.2
3977333714,2016-04-24,Sunday,14112,10.0,10.0,3.27,4.56,2.17,0.0,30,95,129,660,1655,4,254,1411.2
3977333714,2016-04-25,Monday,11177,8.48,8.48,5.62,0.43,2.41,0.0,50,9,133,781,1570,4,192,1318.0
3977333714,2016-04-26,Tuesday,11388,7.62,7.62,0.45,4.22,2.95,0.0,7,95,170,797,1551,4,272,1494.5
3977333714,2016-04-27,Wednesday,7193,5.04,5.04,0.0,0.42,4.62,0.0,0,10,176,714,1377,4,186,1427.2
3977333714,2016-04-28,Thursday,7114,4.88,4.88,1.37,0.29,3.22,0.0,15,8,190,804,1407,4,213,1457.8
3977333714,2016-04-29,Friday,10645,7.75,7.75,3.74,1.3,2.71,0.0,36,32,150,744,1545,4,218,1373.5
3977333714,2016-04-30,Saturday,13238,9.2,9.2,3.69,2.1,3.41,0.0,43,52,194,687,1650,4,289,1438.9
3977333714,2016-05-01,Sunday,10414,7.07,7.07,2.67,1.98,2.41,0.0,41,40,124,691,1501,5,205,1473.0
3977333714,2016-05-02,Monday,16520,11.05,11.05,1.54,6.48,3.02,0.0,24,143,176,713,1760,5,343,1495.0
3977333714,2016-05-03,Tuesday,14335,9.59,9.59,3.32,1.74,4.53,0.0,47,41,258,594,1710,5,346,1494.8
3977333714,2016-05-04,Wednesday,13559,9.44,9.44,1.81,4.58,2.89,0.0,14,96,142,852,1628,5,252,1436.3
3977333714,2016-05-05,Thursday,12312,8.58,8.58,1.76,4.11,2.71,0.0,14,88,178,680,1618,5,280,1435.0
3977333714,2016-05-06,Friday,11677,8.28,8.28,3.11,2.51,2.67,0.0,29,55,168,676,1590,5,252,1410.3
3977333714,2016-05-07,Saturday,11550,7.73,7.73,0.0,4.13,3.59,0.0,0,86,208,703,1574,5,294,1494.2
3977333714,2016-05-08,Sunday,13585,9.09,9.09,0.68,5.24,3.17,0.0,9,116,171,688,1633,5,296,1494.5
3977333714,2016-05-09,Monday,14687,10.08,10.08,0.77,5.6,3.55,0.0,8,122,151,1159,1667,5,281,1457.0
3977333714,2016-05-10,Tuesday,13072,8.78,8.78,0.07,5.4,3.31,0.0,1,115,196,676,1630,5,312,1488.8
3977333714,2016-05-11,Wednesday,746,0.5,0.5,0.37,0.0,0.13,0.0,4,0,9,13,52,5,13,1492.0
4020332650,2016-04-12,Tuesday,8539,6.12,6.12,0.15,0.24,5.68,0.0,4,15,331,712,3654,4,350,1395.3
4020332650,2016-04-13,Wednesday,0,0.0,0.0,0.0,0.0,0.0,0.0,0,0,0,1440,1981,4,0,
4020332650,2016-04-14,Thursday,108,0.08,0.08,0.0,0.0,0.03,0.0,0,0,3,1437,2011,4,3,1350.0
4020332650,2016-04-15,Friday,1882,1.35,1.35,0.21,0.36,0.77,0.0,36,18,87,1299,2951,4,141,1394.1
4020332650,2016-04-16,Saturday,1982,1.42,1.42,0.45,0.37,0.59,0.0,65,21,55,1222,3051,4,141,1395.8
4020332650,2016-04-17,Sunday,16,0.01,0.01,0.0,0.0,0.01,0.0,0,0,2,1438,1990,4,2,1600.0
4020332650,2016-04-18,Monday,62,0.04,0.04,0.0,0.0,0.04,0.0,0,0,2,1438,1995,4,2,1550.0
4020332650,2016-04-19,Tuesday,0,0.0,0.0,0.0,0.0,0.0,0.0,0,0,0,1440,1980,4,0,
4020332650,2016-04-20,Wednesday,0,0.0,0.0,0.0,0.0,0.0,0.0,0,0,0,1440,1980,4,0,
4020332650,2016-04-21,Thursday,0,0.0,0.0,0.0,0.0,0.0,0.0,0,0,0,1440,1980,4,0,
4020332650,2016-04-22,Friday,0,0.0,0.0,0.0,0.0,0.0,0.0,0,0,0,1440,1980,4,0,
4020332650,2016-04-23,Saturday,0,0.0,0.0,0.0,0.0,0.0,0.0,0,0,0,1440,1980,4,0,
4020332650,2016-04-24,Sunday,0,0.0,0.0,0.0,0.0,0.0,0.0,0,0,0,1440,1980,4,0,
4020332650,2016-04-25,Monday,0,0.0,0.0,0.0,0.0,0.0,0.0,0,0,0,1440,1980,4,0,
4020332650,2016-04-26,Tuesday,0,0.0,0.0,0.0,0.0,0.0,0.0,0,0,0,1440,1980,4,0,
4020332650,2016-04-27,Wednesday,0,0.0,0.0,0.0,0.0,0.0,0.0,0,0,0,1440,1980,4,0,
4020332650,2016-04-28,Thursday,0,0.0,0.0,0.0,0.0,0.0,0.0,0,0,0,1440,1980,4,0,
4020332650,2016-04-29,Friday,0,0.0,0.0,0.0,0.0,0.0,0.0,0,0,0,1440,1980,4,0,
4020332650,2016-04-30,Saturday,0,0.0,0.0,0.0,0.0,0.0,0.0,0,0,0,1440,1980,4,0,
4020332650,2016-05-01,Sunday,0,0.0,0.0,0.0,0.0,0.0,0.0,0,0,0,1440,1980,5,0,
4020332650,2016-05-02,Monday,475,0.34,0.34,0.0,0.04,0.29,0.0,0,11,31,1350,2207,5,42,1397.1
4020332650,2016-05-03,Tuesday,4496,3.22,3.22,0.0,0.0,3.15,0.05,0,0,174,950,2828,5,174,1396.3
4020332650,2016-05-04,Wednesday,10252,7.35,7.35,0.67,1.04,5.58,0.0,13,46,346,531,3879,5,405,1394.8
4020332650,2016-05-05,Thursday,11728,8.43,8.43,2.62,1.68,4.04,0.07,38,42,196,916,3429,5,276,1391.2
4020332650,2016-05-06,Friday,4369,3.13,3.13,0.0,0.0,3.1,0.01,0,0,177,855,2704,5,177,1395.8
4020332650,2016-05-07,Saturday,6132,4.4,4.4,0.0,0.0,3.58,0.0,0,0,184,1256,2975,5,184,1393.6
4020332650,2016-05-08,Sunday,5862,4.2,4.2,0.0,0.0,4.15,0.0,0,0,263,775,3089,5,263,1395.7
4020332650,2016-05-09,Monday,4556,3.27,3.27,0.2,0.12,2.94,0.0,3,5,173,1225,2785,5,181,1393.3
4020332650,2016-05-10,Tuesday,5546,3.98,3.98,0.0,0.0,3.87,0.04,0,0,206,774,2926,5,206,1393.5
4020332650,2016-05-11,Wednesday,3689,2.65,2.65,0.11,0.17,2.33,0.0,2,8,134,1296,2645,5,144,1392.1
4020332650,2016-05-12,Thursday,590,0.42,0.42,0.0,0.0,0.41,0.0,0,0,21,721,1120,5,21,1404.8
4057192912,2016-04-12,Tuesday,5394,4.03,4.03,0.0,0.0,3.94,0.0,0,0,164,1276,2286,4,164,1338.5
4057192912,2016-04-13,Wednesday,5974,4.47,4.47,0.0,0.0,4.37,0.0,0,0,160,1280,2306,4,160,1336.5
4057192912,2016-04-14,Thursday,0,0.0,0.0,0.0,0.0,0.0,0.0,0,0,0,1440,1776,4,0,
4057192912,2016-04-15,Friday,3984,2.95,2.95,0.21,0.26,2.44,0.0,3,6,88,873,1527,4,97,1350.5
4319703577,2016-04-12,Tuesday,7753,5.2,5.2,0.0,0.0,0.0,0.0,0,0,0,1440,2115,4,0,1491.0
4319703577,2016-04-13,Wednesday,8204,5.5,5.5,0.53,0.59,1.31,0.0,8,15,96,1234,2135,4,119,1491.6
4319703577,2016-04-14,Thursday,10210,6.88,6.88,0.11,0.33,6.44,0.0,1,9,339,589,2302,4,349,1484.0
4319703577,2016-04-15,Friday,5664,3.8,3.8,0.0,0.0,3.8,0.0,0,0,228,752,1985,4,228,1490.5
4319703577,2016-04-16,Saturday,4744,3.18,3.18,0.0,0.0,3.18,0.0,0,0,194,724,1884,4,194,1491.8
4319703577,2016-04-17,Sunday,29,0.02,0.02,0.0,0.0,0.02,0.0,0,0,3,1363,1464,4,3,1450.0
4319703577,2016-04-18,Monday,2276,1.55,1.55,0.07,0.33,1.12,0.0,1,9,58,824,1632,4,68,1468.4
4319703577,2016-04-19,Tuesday,8925,5.99,5.99,0.0,0.0,5.99,0.0,0,0,311,604,2200,4,311,1490.0
4319703577,2016-04-20,Wednesday,8954,6.01,6.01,0.0,0.68,5.31,0.0,0,18,306,671,2220,4,324,1489.9
4319703577,2016-04-21,Thursday,3702,2.48,2.48,0.0,0.0,0.35,0.0,0,0,34,1265,1792,4,34,1492.7
4319703577,2016-04-22,Friday,4500,3.02,3.02,0.06,0.81,2.15,0.0,1,19,176,709,1886,4,196,1490.1
4319703577,2016-04-23,Saturday,4935,3.31,3.31,0.0,0.0,3.31,0.0,0,0,233,546,1945,4,233,1490.9
4319703577,2016-04-24,Sunday,4081,2.74,2.74,0.06,0.2,2.47,0.0,1,5,191,692,1880,4,197,1489.4
4319703577,2016-04-25,Monday,9259,6.21,6.21,0.0,0.28,5.93,0.0,0,8,390,544,2314,4,398,1491.0
4319703577,2016-04-26,Tuesday,9899,6.64,6.64,0.57,0.92,5.15,0.0,8,21,288,649,2236,4,317,1490.8
4319703577,2016-04-27,Wednesday,10780,7.23,7.23,0.41,1.92,4.91,0.0,6,47,300,680,2324,4,353,1491.0
4319703577,2016-04-28,Thursday,10817,7.28,7.28,1.01,0.33,5.94,0.0,13,8,359,552,2367,4,380,1485.9
4319703577,2016-04-29,Friday,7990,5.36,5.36,0.45,0.79,4.12,0.0,6,18,289,624,2175,4,313,1490.7
4319703577,2016-04-30,Saturday,8221,5.52,5.52,0.4,1.61,3.51,0.0,6,38,196,695,2092,4,240,1489.3
4319703577,2016-05-01,Sunday,1251,0.84,0.84,0.0,0.0,0.84,0.0,0,0,67,836,1593,5,67,1489.3
4319703577,2016-05-02,Monday,9261,6.24,6.24,0.0,0.44,5.71,0.0,0,11,344,585,2270,5,355,1484.1
4319703577,2016-05-03,Tuesday,9648,6.47,6.47,0.58,1.07,4.83,0.0,8,26,287,669,2235,5,321,1491.2
4319703577,2016-05-04,Wednesday,10429,7.02,7.02,0.59,0.58,5.85,0.0,8,13,313,1106,2282,5,334,1485.6
4319703577,2016-05-05,Thursday,13658,9.49,9.49,2.63,1.41,5.45,0.0,27,34,328,957,2530,5,389,1439.2
4319703577,2016-05-06,Friday,9524,6.42,6.42,0.41,0.47,5.46,0.0,6,11,314,692,2266,5,331,1483.5
4319703577,2016-05-07,Saturday,7937,5.33,5.33,0.19,1.05,4.08,0.0,3,28,279,586,2158,5,310,1489.1
4319703577,2016-05-08,Sunday,3672,2.46,2.46,0.0,0.0,2.46,0.0,0,0,153,603,1792,5,153,1492.7
4319703577,2016-05-09,Monday,10378,6.96,6.96,0.14,0.56,6.25,0.0,2,14,374,490,2345,5,390,1491.1
4319703577,2016-05-10,Tuesday,9487,6.37,6.37,0.21,0.46,5.7,0.0,3,12,329,555,2260,5,344,1489.3
4319703577,2016-05-11,Wednesday,9129,6.13,6.13,0.2,0.74,5.18,0.0,3,18,311,574,2232,5,332,1489.2
4319703577,2016-05-12,Thursday,17,0.01,0.01,0.0,0.0,0.01,0.0,0,0,2,0,257,5,2,1700.0
4388161847,2016-04-12,Tuesday,10122,7.78,7.78,0.0,0.0,0.0,0.0,0,0,0,1440,2955,4,0,1301.0
4388161847,2016-04-13,Wednesday,10993,8.45,8.45,0.06,0.63,3.88,0.0,1,14,150,1275,3092,4,165,1300.9
4388161847,2016-04-14,Thursday,8863,6.82,6.82,0.13,1.07,5.62,0.0,10,35,219,945,2998,4,264,1299.6
4388161847,2016-04-15,Friday,8758,6.73,6.73,0.0,0.0,6.73,0.0,0,0,299,837,3066,4,299,1301.3
4388161847,2016-04-16,Saturday,6580,5.06,5.06,0.21,0.4,4.45,0.0,6,9,253,609,3073,4,268,1300.4
4388161847,2016-04-17,Sunday,4660,3.58,3.58,0.0,0.0,3.58,0.0,0,0,201,721,2572,4,201,1301.7
4388161847,2016-04-18,Monday,11009,9.1,9.1,3.56,0.4,5.14,0.0,27,8,239,1017,3274,4,274,1209.8
4388161847,2016-04-19,Tuesday,10181,7.83,7.83,1.37,0.69,5.77,0.0,20,16,249,704,3015,4,285,1300.3
4388161847,2016-04-20,Wednesday,10553,8.12,8.12,1.1,1.72,5.29,0.0,19,42,228,696,3083,4,289,1299.6
4388161847,2016-04-21,Thursday,10055,7.73,7.73,0.37,0.39,6.98,0.0,7,12,272,853,3069,4,291,1300.8
4388161847,2016-04-22,Friday,12139,9.34,9.34,3.3,1.11,4.92,0.0,77,25,220,945,3544,4,322,1299.7
4388161847,2016-04-23,Saturday,13236,10.18,10.18,4.5,0.32,5.35,0.0,58,5,215,749,3306,4,278,1300.2
4388161847,2016-04-24,Sunday,10243,7.88,7.88,1.08,0.51,6.3,0.0,14,8,239,584,2885,4,261,1299.9
4388161847,2016-04-25,Monday,12961,9.97,9.97,0.73,1.4,7.84,0.0,11,31,301,1054,3288,4,343,1300.0
4388161847,2016-04-26,Tuesday,9461,7.28,7.28,0.94,1.06,5.27,0.0,14,23,224,673,2929,4,261,1299.6
4388161847,2016-04-27,Wednesday,11193,8.61,8.61,0.7,2.51,5.39,0.0,11,48,241,684,3074,4,300,1300.0
4388161847,2016-04-28,Thursday,10074,7.75,7.75,1.29,0.43,6.03,0.0,19,9,234,878,2969,4,262,1299.9
4388161847,2016-04-29,Friday,9232,7.1,7.1,0.8,0.89,5.42,0.0,13,16,236,1175,2979,4,265,1300.3
4388161847,2016-04-30,Saturday,12533,9.64,9.64,0.7,2.0,6.94,0.0,14,43,300,537,3283,4,357,1300.1
4388161847,2016-05-01,Sunday,10255,7.89,7.89,1.01,0.68,6.2,0.0,12,15,241,579,2926,5,268,1299.7
4388161847,2016-05-02,Monday,10096,8.4,8.4,3.77,0.08,4.55,0.0,33,4,204,935,3147,5,241,1201.9
4388161847,2016-05-03,Tuesday,12727,9.79,9.79,1.13,0.78,7.88,0.0,18,18,306,984,3290,5,342,1300.0
4388161847,2016-05-04,Wednesday,12375,9.52,9.52,2.79,0.93,5.8,0.0,35,21,251,632,3162,5,307,1299.9
4388161847,2016-05-05,Thursday,9603,7.38,7.38,0.63,1.67,5.09,0.0,12,39,199,896,2899,5,250,1301.2
4388161847,2016-05-06,Friday,13175,10.13,10.13,2.11,2.09,5.93,0.0,33,45,262,1100,3425,5,340,1300.6
4388161847,2016-05-07,Saturday,22770,17.54,17.54,9.45,2.77,5.33,0.0,120,56,260,508,4022,5,436,1298.2
4388161847,2016-05-08,Sunday,17298,14.38,14.38,9.89,1.26,3.23,0.0,107,38,178,576,3934,5,323,1202.9
4388161847,2016-05-09,Monday,10218,7.86,7.86,0.34,0.73,6.79,0.0,6,19,258,1020,3013,5,283,1300.0
4388161847,2016-05-10,Tuesday,10299,7.92,7.92,0.81,0.65,6.46,0.0,13,14,267,648,3061,5,294,1300.4
4388161847,2016-05-11,Wednesday,10201,7.84,7.84,0.53,0.79,6.53,0.0,8,18,256,858,2954,5,282,1301.1
4388161847,2016-05-12,Thursday,3369,2.59,2.59,0.0,0.0,2.59,0.0,0,0,108,825,1623,5,108,1300.8
4445114986,2016-04-12,Tuesday,3276,2.2,2.2,0.0,0.0,2.2,0.0,0,0,196,787,2113,4,196,1489.1
4445114986,2016-04-13,Wednesday,2961,1.99,1.99,0.0,0.0,1.99,0.0,0,0,194,840,2095,4,194,1487.9
4445114986,2016-04-14,Thursday,3974,2.67,2.67,0.0,0.0,2.67,0.0,0,0,231,717,2194,4,231,1488.4
4445114986,2016-04-15,Friday,7198,4.83,4.83,0.0,0.0,4.83,0.0,0,0,350,711,2496,4,350,1490.3
4445114986,2016-04-16,Saturday,3945,2.65,2.65,0.0,0.0,2.65,0.0,0,0,225,716,2180,4,225,1488.7
4445114986,2016-04-17,Sunday,2268,1.52,1.52,0.0,0.0,1.52,0.0,0,0,114,1219,1933,4,114,1492.1
4445114986,2016-04-18,Monday,6155,4.24,4.24,2.0,0.29,1.95,0.0,25,6,162,1247,2248,4,193,1451.7
4445114986,2016-04-19,Tuesday,2064,1.39,1.39,0.0,0.0,1.39,0.0,0,0,121,895,1954,4,121,1484.9
4445114986,2016-04-20,Wednesday,2072,1.39,1.39,0.0,0.0,1.39,0.0,0,0,137,841,1974,4,137,1490.6
4445114986,2016-04-21,Thursday,3809,2.56,2.56,0.0,0.0,2.54,0.0,0,0,215,756,2150,4,215,1487.9
4445114986,2016-04-22,Friday,6831,4.58,4.58,0.0,0.0,4.58,0.0,0,0,317,706,2432,4,317,1491.5
4445114986,2016-04-23,Saturday,4363,2.93,2.93,0.0,0.0,2.93,0.0,0,0,201,1239,2149,4,201,1489.1
4445114986,2016-04-24,Sunday,5002,3.36,3.36,0.0,0.0,3.36,0.0,0,0,244,1196,2247,4,244,1488.7
4445114986,2016-04-25,Monday,3385,2.27,2.27,0.0,0.0,2.27,0.0,0,0,179,916,2070,4,179,1491.2
4445114986,2016-04-26,Tuesday,6326,4.41,4.41,2.41,0.04,1.96,0.0,29,1,180,839,2291,4,210,1434.5
4445114986,2016-04-27,Wednesday,7243,5.03,5.03,2.62,0.03,2.38,0.0,32,1,194,839,2361,4,227,1440.0
4445114986,2016-04-28,Thursday,4493,3.01,3.01,0.0,0.0,3.01,0.0,0,0,236,762,2203,4,236,1492.7
4445114986,2016-04-29,Friday,4676,3.14,3.14,0.0,0.0,3.13,0.0,0,0,226,1106,2196,4,226,1489.2
4445114986,2016-04-30,Saturday,6222,4.18,4.18,0.0,0.0,4.18,0.0,0,0,290,797,2363,4,290,1488.5
4445114986,2016-05-01,Sunday,5232,3.51,3.51,0.0,0.0,3.51,0.0,0,0,240,741,2246,5,240,1490.6
4445114986,2016-05-02,Monday,6910,4.75,4.75,2.21,0.19,2.35,0.0,27,4,200,667,2336,5,231,1454.7
4445114986,2016-05-03,Tuesday,7502,5.18,5.18,2.48,0.11,2.58,0.0,30,2,233,725,2421,5,265,1448.3
4445114986,2016-05-04,Wednesday,2923,1.96,1.96,0.0,0.0,1.96,0.0,0,0,180,897,2070,5,180,1491.3
4445114986,2016-05-05,Thursday,3800,2.55,2.55,0.12,0.24,2.18,0.0,2,6,185,734,2120,5,193,1490.2
4445114986,2016-05-06,Friday,4514,3.03,3.03,0.0,0.0,3.03,0.0,0,0,229,809,2211,5,229,1489.8
4445114986,2016-05-07,Saturday,5183,3.59,3.59,2.13,0.19,1.25,0.0,26,4,108,866,2123,5,138,1443.7
4445114986,2016-05-08,Sunday,7303,4.9,4.9,0.0,0.25,4.65,0.0,0,8,308,733,2423,5,316,1490.4
4445114986,2016-05-09,Monday,5275,3.54,3.54,0.0,0.0,3.54,0.0,0,0,266,641,2281,5,266,1490.1
4445114986,2016-05-10,Tuesday,3915,2.63,2.63,0.0,0.0,2.63,0.0,0,0,231,783,2181,5,231,1488.6
4445114986,2016-05-11,Wednesday,9105,6.11,6.11,2.25,1.0,2.86,0.0,34,22,232,622,2499,5,288,1490.2
4445114986,2016-05-12,Thursday,768,0.52,0.52,0.0,0.0,0.52,0.0,0,0,58,380,1212,5,58,1476.9
4558609924,2016-04-12,Tuesday,5135,3.39,3.39,0.0,0.0,3.39,0.0,0,0,318,1122,1909,4,318,1514.7
4558609924,2016-04-13,Wednesday,4978,3.29,3.29,1.24,0.44,1.61,0.0,19,7,127,1287,1722,4,153,1513.1
4558609924,2016-04-14,Thursday,6799,4.49,4.49,0.0,0.0,4.49,0.0,0,0,279,1161,1922,4,279,1514.3
4558609924,2016-04-15,Friday,7795,5.15,5.15,0.59,0.84,3.73,0.0,17,30,262,1131,2121,4,309,1513.6
4558609924,2016-04-16,Saturday,7289,4.82,4.82,0.55,0.75,3.5,0.0,8,12,308,1112,1997,4,328,1512.2
4558609924,2016-04-17,Sunday,9634,6.4,6.4,0.55,1.14,4.71,0.0,7,19,304,1110,2117,4,330,1505.3
4558609924,2016-04-18,Monday,8940,5.91,5.91,0.98,0.93,4.0,0.0,14,15,331,1080,2116,4,360,1512.7
4558609924,2016-04-19,Tuesday,5401,3.57,3.57,0.05,0.36,3.16,0.0,1,9,248,1182,1876,4,258,1512.9
4558609924,2016-04-20,Wednesday,4803,3.17,3.17,0.0,0.0,3.17,0.0,0,0,222,1218,1788,4,222,1515.1
4558609924,2016-04-21,Thursday,13743,9.08,9.08,0.42,0.97,7.7,0.0,6,21,432,844,2486,4,459,1513.5
4558609924,2016-04-22,Friday,9601,6.35,6.35,1.37,1.5,3.47,0.0,20,25,273,1122,2094,4,318,1512.0
4558609924,2016-04-23,Saturday,6890,4.55,4.55,0.34,0.2,4.01,0.0,5,5,308,1122,2085,4,318,1514.3
4558609924,2016-04-24,Sunday,8563,5.66,5.66,0.0,0.0,5.65,0.0,0,0,395,1045,2173,4,395,1512.9
4558609924,2016-04-25,Monday,8095,5.35,5.35,0.59,0.25,4.51,0.0,18,10,340,993,2225,4,368,1513.1
4558609924,2016-04-26,Tuesday,9148,6.05,6.05,0.43,2.03,3.59,0.0,12,41,283,1062,2223,4,336,1512.1
4558609924,2016-04-27,Wednesday,9557,6.32,6.32,1.96,0.89,3.46,0.0,27,14,312,1087,2098,4,353,1512.2
4558609924,2016-04-28,Thursday,9451,6.25,6.25,0.02,0.27,5.95,0.0,1,11,367,985,2185,4,379,1512.2
4558609924,2016-04-29,Friday,7833,5.18,5.18,1.02,1.85,2.31,0.0,15,29,197,1096,1918,4,241,1512.2
4558609924,2016-04-30,Saturday,10319,6.82,6.82,0.47,1.89,4.46,0.0,7,29,293,1111,2105,4,329,1513.0
4558609924,2016-05-01,Sunday,3428,2.27,2.27,0.0,0.0,2.27,0.0,0,0,190,1121,1692,5,190,1510.1
4558609924,2016-05-02,Monday,7891,5.22,5.22,0.0,0.0,5.22,0.0,0,0,383,1057,2066,5,383,1511.7
4558609924,2016-05-03,Tuesday,5267,3.48,3.48,0.6,0.28,2.6,0.0,21,10,237,1172,1953,5,268,1513.5
4558609924,2016-05-04,Wednesday,5232,3.46,3.46,0.0,0.0,3.46,0.0,0,0,252,1188,1842,5,252,1512.1
4558609924,2016-05-05,Thursday,10611,7.01,7.01,1.01,0.5,5.51,0.0,14,8,370,1048,2262,5,392,1513.7
4558609924,2016-05-06,Friday,3755,2.48,2.48,0.0,0.0,2.48,0.0,0,0,202,1238,1722,5,202,1514.1
4558609924,2016-05-07,Saturday,8237,5.44,5.44,1.61,1.0,2.83,0.0,23,16,233,1116,1973,5,272,1514.2
4558609924,2016-05-08,Sunday,6543,4.33,4.33,1.8,0.5,2.02,0.0,66,35,238,1019,2666,5,339,1511.1
4558609924,2016-05-09,Monday,11451,7.57,7.57,0.43,1.62,5.52,0.0,6,30,339,1065,2223,5,375,1512.7
4558609924,2016-05-10,Tuesday,6435,4.25,4.25,0.74,1.12,2.39,0.0,11,18,220,1191,1889,5,249,1514.1
4558609924,2016-05-11,Wednesday,9108,6.02,6.02,0.26,1.82,3.94,0.0,4,31,324,1081,2131,5,359,1513.0
4558609924,2016-05-12,Thursday,6307,4.17,4.17,0.0,0.0,4.17,0.0,0,0,247,736,1452,5,247,1512.5
4702921684,2016-04-12,Tuesday,7213,5.88,5.88,0.0,0.0,5.85,0.0,0,0,263,718,2947,4,263,1226.7
4702921684,2016-04-13,Wednesday,6877,5.58,5.58,0.0,0.0,5.58,0.0,0,0,258,777,2898,4,258,1232.4
4702921684,2016-04-14,Thursday,7860,6.37,6.37,0.0,0.0,6.37,0.0,0,0,271,772,2984,4,271,1233.9
4702921684,2016-04-15,Friday,6506,5.28,5.28,0.07,0.42,4.79,0.0,1,8,256,944,2896,4,265,1232.2
4702921684,2016-04-16,Saturday,11140,9.03,9.03,0.24,1.25,7.54,0.0,3,24,335,556,3328,4,362,1233.7
4702921684,2016-04-17,Sunday,12692,10.29,10.29,0.96,3.46,5.88,0.0,12,66,302,437,3394,4,380,1233.4
4702921684,2016-04-18,Monday,9105,7.38,7.38,1.82,1.49,4.07,0.0,22,30,191,890,3013,4,243,1233.7
4702921684,2016-04-19,Tuesday,6708,5.44,5.44,0.88,0.37,4.19,0.0,10,8,179,757,2812,4,197,1233.1
4702921684,2016-04-20,Wednesday,8793,7.13,7.13,0.16,1.23,5.73,0.0,2,29,260,717,3061,4,291,1233.2
4702921684,2016-04-21,Thursday,6530,5.3,5.3,0.31,2.05,2.94,0.0,4,41,144,901,2729,4,189,1232.1
4702921684,2016-04-22,Friday,1664,1.35,1.35,0.0,0.0,1.35,0.0,0,0,72,1341,2241,4,72,1232.6
4702921684,2016-04-23,Saturday,15126,12.27,12.27,0.76,3.24,8.27,0.0,9,66,408,469,3691,4,483,1232.8
4702921684,2016-04-24,Sunday,15050,12.22,12.22,1.2,5.12,5.88,0.0,15,95,281,542,3538,4,391,1231.6
4702921684,2016-04-25,Monday,9167,7.43,7.43,0.49,0.82,6.11,0.0,6,15,270,730,3064,4,291,1233.8
4702921684,2016-04-26,Tuesday,6108,4.95,4.95,0.07,0.35,4.54,0.0,1,8,216,765,2784,4,225,1233.9
4702921684,2016-04-27,Wednesday,7047,5.72,5.72,0.09,0.8,4.78,0.0,1,16,238,733,2908,4,255,1232.0
4702921684,2016-04-28,Thursday,9023,7.32,7.32,1.13,0.42,5.77,0.0,14,9,232,738,3033,4,255,1232.7
4702921684,2016-04-29,Friday,9930,8.05,8.05,1.06,0.92,6.07,0.0,12,19,267,692,3165,4,298,1233.5
4702921684,2016-04-30,Saturday,10144,8.23,8.23,0.32,2.03,5.88,0.0,4,36,263,728,3115,4,303,1232.6
4702921684,2016-05-01,Sunday,0,0.0,0.0,0.0,0.0,0.0,0.0,0,0,0,1440,2017,5,0,
4702921684,2016-05-02,Monday,7245,5.92,5.92,0.38,1.74,3.76,0.0,5,40,195,1131,2859,5,240,1223.8
4702921684,2016-05-03,Tuesday,9454,7.67,7.67,0.0,0.0,7.67,0.0,0,0,313,729,3145,5,313,1232.6
4702921684,2016-05-04,Wednesday,8161,6.62,6.62,0.34,0.73,5.54,0.0,4,15,251,757,3004,5,270,1232.8
4702921684,2016-05-05,Thursday,8614,6.99,6.99,0.67,0.22,6.09,0.0,8,5,241,745,3006,5,254,1232.3
4702921684,2016-05-06,Friday,6943,5.63,5.63,0.08,0.66,4.87,0.0,1,16,207,682,2859,5,224,1233.2
4702921684,2016-05-07,Saturday,14370,11.65,11.65,0.37,2.31,8.97,0.0,5,46,439,577,3683,5,490,1233.5
4702921684,2016-05-08,Sunday,12857,10.43,10.43,0.68,6.21,3.54,0.0,9,125,192,1019,3287,5,326,1232.7
4702921684,2016-05-09,Monday,8232,6.68,6.68,0.0,0.57,6.1,0.0,0,12,253,746,2990,5,265,1232.3
4702921684,2016-05-10,Tuesday,10613,8.61,8.61,0.08,1.88,6.65,0.0,1,37,262,701,3172,5,300,1232.6
4702921684,2016-05-11,Wednesday,9810,7.96,7.96,0.78,2.16,4.98,0.0,10,41,235,784,3069,5,286,1232.4
4702921684,2016-05-12,Thursday,2752,2.23,2.23,0.0,0.0,2.23,0.0,0,0,68,241,1240,5,68,1234.1
5553957443,2016-04-12,Tuesday,11596,7.57,7.57,1.37,0.79,5.41,0.0,19,13,277,767,2026,4,309,1531.8
5553957443,2016-04-13,Wednesday,4832,3.16,3.16,0.0,0.0,3.16,0.0,0,0,226,647,1718,4,226,1529.1
5553957443,2016-04-14,Thursday,17022,11.12,11.12,4.0,2.45,4.67,0.0,61,41,256,693,2324,4,358,1530.8
5553957443,2016-04-15,Friday,16556,10.86,10.86,4.16,1.98,4.71,0.0,58,38,239,689,2254,4,335,1524.5
5553957443,2016-04-16,Saturday,5771,3.77,3.77,0.0,0.0,3.77,0.0,0,0,288,521,1831,4,288,1530.8
5553957443,2016-04-17,Sunday,655,0.43,0.43,0.0,0.0,0.43,0.0,0,0,46,943,1397,4,46,1523.3
5553957443,2016-04-18,Monday,3727,2.43,2.43,0.0,0.0,2.43,0.0,0,0,206,622,1683,4,206,1533.7
5553957443,2016-04-19,Tuesday,15482,10.11,10.11,4.28,1.66,4.18,0.0,69,28,249,756,2284,4,346,1531.4
5553957443,2016-04-20,Wednesday,2713,1.77,1.77,0.0,0.0,1.77,0.0,0,0,148,598,1570,4,148,1532.8
5553957443,2016-04-21,Thursday,12346,8.06,8.06,2.95,2.16,2.96,0.0,47,42,177,801,2066,4,266,1531.8
5553957443,2016-04-22,Friday,11682,7.63,7.63,1.38,0.63,5.6,0.0,25,16,270,781,2105,4,311,1531.1
5553957443,2016-04-23,Saturday,4112,2.69,2.69,0.0,0.0,2.68,0.0,0,0,272,443,1776,4,272,1528.6
5553957443,2016-04-24,Sunday,1807,1.18,1.18,0.0,0.0,1.18,0.0,0,0,104,582,1507,4,104,1531.4
5553957443,2016-04-25,Monday,10946,7.19,7.19,2.93,0.57,3.69,0.0,51,11,201,732,2033,4,263,1522.4
5553957443,2016-04-26,Tuesday,11886,7.76,7.76,2.37,0.93,4.46,0.0,40,18,238,750,2093,4,296,1531.7
5553957443,2016-04-27,Wednesday,10538,6.88,6.88,1.14,1.0,4.74,0.0,16,16,206,745,1922,4,238,1531.7
5553957443,2016-04-28,Thursday,11393,7.63,7.63,3.71,0.75,3.17,0.0,49,13,165,727,1999,4,227,1493.2
5553957443,2016-04-29,Friday,12764,8.33,8.33,2.79,0.64,4.91,0.0,46,15,270,709,2169,4,331,1532.3
5553957443,2016-04-30,Saturday,1202,0.78,0.78,0.0,0.0,0.78,0.0,0,0,84,506,1463,4,84,1541.0
5553957443,2016-05-01,Sunday,5164,3.37,3.37,0.0,0.0,3.37,0.0,0,0,237,436,1747,5,237,1532.3
5553957443,2016-05-02,Monday,9769,6.38,6.38,1.06,0.41,4.9,0.0,23,9,227,724,1996,5,259,1531.2
5553957443,2016-05-03,Tuesday,12848,8.39,8.39,1.5,1.2,5.68,0.0,26,29,247,812,2116,5,302,1531.3
5553957443,2016-05-04,Wednesday,4249,2.77,2.77,0.0,0.0,2.77,0.0,0,0,224,651,1698,5,224,1533.9
5553957443,2016-05-05,Thursday,14331,9.51,9.51,3.43,1.66,4.43,0.0,44,29,241,692,2156,5,314,1506.9
5553957443,2016-05-06,Friday,9632,6.29,6.29,1.52,0.54,4.23,0.0,21,9,229,761,1916,5,259,1531.3
5553957443,2016-05-07,Saturday,1868,1.22,1.22,0.0,0.0,1.22,0.0,0,0,96,902,1494,5,96,1531.1
5553957443,2016-05-08,Sunday,6083,4.0,4.0,0.22,0.47,3.3,0.0,3,8,210,505,1762,5,221,1520.8
5553957443,2016-05-09,Monday,11611,7.58,7.58,2.13,0.89,4.56,0.0,59,22,251,667,2272,5,332,1531.8
5553957443,2016-05-10,Tuesday,16358,10.71,10.71,3.87,1.61,5.2,0.0,61,40,265,707,2335,5,366,1527.4
5553957443,2016-05-11,Wednesday,4926,3.22,3.22,0.0,0.0,3.22,0.0,0,0,195,628,1693,5,195,1529.8
5553957443,2016-05-12,Thursday,3121,2.04,2.04,0.58,0.4,1.06,0.0,8,6,48,222,741,5,62,1529.9
5577150313,2016-04-12,Tuesday,8135,6.08,6.08,3.6,0.38,2.1,0.0,86,16,140,728,3405,4,242,1338.0
5577150313,2016-04-13,Wednesday,5077,3.79,3.79,0.32,0.22,3.25,0.0,15,11,144,776,2551,4,170,1339.6
5577150313,2016-04-14,Thursday,8596,6.42,6.42,3.33,0.31,2.78,0.0,118,30,176,662,4022,4,324,1338.9
5577150313,2016-04-15,Friday,12087,9.08,9.08,3.92,1.6,3.56,0.0,115,54,199,695,4005,4,368,1331.2
5577150313,2016-04-16,Saturday,14269,10.66,10.66,6.64,1.28,2.73,0.0,184,56,158,472,4274,4,398,1338.6
5577150313,2016-04-17,Sunday,12231,9.14,9.14,5.98,0.83,2.32,0.0,200,37,159,525,4552,4,396,1338.2
5577150313,2016-04-18,Monday,9893,7.39,7.39,4.86,0.72,1.82,0.0,114,32,130,623,3625,4,276,1338.7
5577150313,2016-04-19,Tuesday,12574,9.42,9.42,7.02,0.64,1.76,0.0,108,23,111,733,3501,4,242,1334.8
5577150313,2016-04-20,Wednesday,8330,6.22,6.22,4.12,0.34,1.76,0.0,87,16,113,773,3192,4,216,1339.2
5577150313,2016-04-21,Thursday,10830,8.09,8.09,3.65,1.66,2.78,0.0,110,74,175,670,4018,4,359,1338.7
5577150313,2016-04-22,Friday,9172,6.85,6.85,2.42,0.79,3.3,0.0,62,30,200,823,3329,4,292,1339.0
5577150313,2016-04-23,Saturday,7638,5.71,5.71,1.21,0.36,4.14,0.0,24,24,223,627,3152,4,271,1337.7
5577150313,2016-04-24,Sunday,15764,11.78,11.78,7.65,2.15,1.98,0.0,210,65,141,425,4392,4,416,1338.2
5577150313,2016-04-25,Monday,6393,4.78,4.78,1.35,0.67,2.76,0.0,61,38,214,743,3374,4,313,1337.4
5577150313,2016-04-26,Tuesday,5325,3.98,3.98,0.85,0.65,2.47,0.0,38,32,181,759,3088,4,251,1337.9
5577150313,2016-04-27,Wednesday,6805,5.14,5.14,1.81,0.4,2.93,0.0,63,16,190,773,3294,4,269,1323.9
5577150313,2016-04-28,Thursday,9841,7.43,7.43,3.25,1.17,3.01,0.0,99,51,141,692,3580,4,291,1324.5
5577150313,2016-04-29,Friday,7924,5.92,5.92,2.84,0.61,2.47,0.0,97,36,165,739,3544,4,298,1338.5
5577150313,2016-04-30,Saturday,12363,9.24,9.24,5.83,0.79,2.61,0.0,207,45,163,621,4501,4,415,1338.0
5577150313,2016-05-01,Sunday,13368,9.99,9.99,5.31,1.44,3.24,0.0,194,72,178,499,4546,5,444,1338.1
5577150313,2016-05-02,Monday,7439,5.56,5.56,1.12,0.35,4.07,0.0,37,20,235,732,3014,5,292,1337.9
5577150313,2016-05-03,Tuesday,11045,8.25,8.25,4.52,0.15,3.57,0.0,97,8,212,580,3795,5,317,1338.8
5577150313,2016-05-04,Wednesday,5206,3.89,3.89,1.56,0.25,2.08,0.0,25,9,141,631,2755,5,175,1338.3
5577150313,2016-05-05,Thursday,7550,5.64,5.64,2.5,0.47,2.67,0.0,45,21,143,1153,3004,5,209,1338.7
5577150313,2016-05-06,Friday,4950,3.7,3.7,1.93,0.32,1.45,0.0,41,16,79,1304,2643,5,136,1337.8
5577150313,2016-05-07,Saturday,0,0.0,0.0,0.0,0.0,0.0,0.0,0,0,0,1440,1819,5,0,
5577150313,2016-05-08,Sunday,0,0.0,0.0,0.0,0.0,0.0,0.0,0,0,0,1440,1819,5,0,
5577150313,2016-05-09,Monday,3421,2.56,2.56,1.43,0.14,0.99,0.0,34,11,70,1099,2489,5,115,1336.3
5577150313,2016-05-10,Tuesday,8869,6.65,6.65,2.56,0.75,3.35,0.0,104,37,194,639,3841,5,335,1333.7
5577150313,2016-05-11,Wednesday,4038,3.04,3.04,1.83,0.3,0.89,0.0,45,15,63,257,1665,5,123,1328.3
6117666160,2016-04-12,Tuesday,0,0.0,0.0,0.0,0.0,0.0,0.0,0,0,0,1440,1496,4,0,
6117666160,2016-04-13,Wednesday,0,0.0,0.0,0.0,0.0,0.0,0.0,0,0,0,1440,1496,4,0,
6117666160,2016-04-14,Thursday,0,0.0,0.0,0.0,0.0,0.0,0.0,0,0,0,1440,1496,4,0,
6117666160,2016-04-15,Friday,14019,10.59,10.59,0.0,0.28,10.3,0.0,0,6,513,921,2865,4,519,1323.8
6117666160,2016-04-16,Saturday,14450,10.91,10.91,0.58,0.85,9.48,0.0,7,15,518,502,2828,4,540,1324.5
6117666160,2016-04-17,Sunday,7150,5.4,5.4,0.0,0.0,5.4,0.0,0,0,312,702,2225,4,312,1324.1
6117666160,2016-04-18,Monday,5153,3.91,3.91,0.0,0.0,3.89,0.0,0,0,241,759,2018,4,241,1317.9
6117666160,2016-04-19,Tuesday,11135,8.41,8.41,0.0,0.0,8.41,0.0,0,0,480,425,2606,4,480,1324.0
6117666160,2016-04-20,Wednesday,10449,8.02,8.02,2.03,0.48,5.52,0.0,26,10,349,587,2536,4,385,1302.9
6117666160,2016-04-21,Thursday,19542,15.01,15.01,0.98,0.4,5.62,0.0,11,19,294,579,4900,4,324,1301.9
6117666160,2016-04-22,Friday,8206,6.2,6.2,0.0,0.0,6.2,0.0,0,0,402,413,2409,4,402,1323.5
6117666160,2016-04-23,Saturday,11495,8.68,8.68,0.0,0.0,8.68,0.0,0,0,512,468,2651,4,512,1324.3
6117666160,2016-04-24,Sunday,7623,5.76,5.76,0.0,0.0,5.76,0.0,0,0,362,711,2305,4,362,1323.4
6117666160,2016-04-25,Monday,0,0.0,0.0,0.0,0.0,0.0,0.0,0,0,0,1440,1497,4,0,
6117666160,2016-04-26,Tuesday,9543,7.21,7.21,0.0,0.34,6.87,0.0,0,7,352,1077,2450,4,359,1323.6
6117666160,2016-04-27,Wednesday,9411,7.11,7.11,0.0,0.0,7.11,0.0,0,0,458,417,2576,4,458,1323.6
6117666160,2016-04-28,Thursday,3403,2.6,2.6,0.0,0.0,2.6,0.0,0,0,141,758,1879,4,141,1308.8
6117666160,2016-04-29,Friday,9592,7.24,7.24,0.0,0.0,7.24,0.0,0,0,461,479,2560,4,461,1324.9
6117666160,2016-04-30,Saturday,6987,5.28,5.28,0.0,0.0,5.28,0.0,0,0,343,1040,2275,4,343,1323.3
6117666160,2016-05-01,Sunday,8915,6.73,6.73,0.0,0.0,6.73,0.0,0,0,397,525,2361,5,397,1324.7
6117666160,2016-05-02,Monday,4933,3.73,3.73,0.0,0.0,3.73,0.0,0,0,236,1204,2044,5,236,1322.5
6117666160,2016-05-03,Tuesday,0,0.0,0.0,0.0,0.0,0.0,0.0,0,0,0,1440,1496,5,0,
6117666160,2016-05-04,Wednesday,2997,2.26,2.26,0.0,0.0,2.26,0.0,0,0,156,1279,1902,5,156,1326.1
6117666160,2016-05-05,Thursday,9799,7.4,7.4,0.0,0.0,7.4,0.0,0,0,487,479,2636,5,487,1324.2
6117666160,2016-05-06,Friday,3365,2.68,2.68,0.0,0.0,2.68,0.0,0,0,133,673,1838,5,133,1255.6
6117666160,2016-05-07,Saturday,7336,5.54,5.54,0.0,0.0,5.54,0.0,0,0,412,456,2469,5,412,1324.2
6117666160,2016-05-08,Sunday,7328,5.53,5.53,0.0,0.0,5.53,0.0,0,0,318,517,2250,5,318,1325.1
6117666160,2016-05-09,Monday,4477,3.38,3.38,0.0,0.0,3.38,0.0,0,0,197,125,1248,5,197,1324.6
6290855005,2016-04-12,Tuesday,4562,3.45,3.45,0.0,0.0,3.45,0.0,0,0,199,1241,2560,4,199,1322.3
6290855005,2016-04-13,Wednesday,7142,5.4,5.4,0.0,0.0,5.39,0.01,0,0,350,1090,2905,4,350,1322.6
6290855005,2016-04-14,Thursday,7671,5.8,5.8,0.0,0.0,5.77,0.03,0,0,363,1077,2952,4,363,1322.6
6290855005,2016-04-15,Friday,9501,7.18,7.18,0.0,0.0,7.17,0.01,0,0,328,1112,2896,4,328,1323.3
6290855005,2016-04-16,Saturday,8301,6.28,6.28,0.0,0.0,6.27,0.01,0,0,258,1182,2783,4,258,1321.8
6290855005,2016-04-17,Sunday,7851,5.94,5.94,1.14,0.79,4.0,0.0,31,12,225,1172,3171,4,268,1321.7
6290855005,2016-04-18,Monday,6885,5.21,5.21,0.0,0.0,5.19,0.02,0,0,271,1169,2766,4,271,1321.5
6290855005,2016-04-19,Tuesday,7142,5.4,5.4,0.0,0.0,5.39,0.01,0,0,321,1119,2839,4,321,1322.6
6290855005,2016-04-20,Wednesday,6361,4.81,4.81,0.0,0.0,4.8,0.01,0,0,258,1182,2701,4,258,1322.5
6290855005,2016-04-21,Thursday,0,0.0,0.0,0.0,0.0,0.0,0.0,0,0,0,1440,2060,4,0,
6290855005,2016-04-22,Friday,6238,4.72,4.72,0.0,0.0,4.72,0.0,0,0,302,1138,2796,4,302,1321.6
6290855005,2016-04-23,Saturday,0,0.0,0.0,0.0,0.0,0.0,0.0,33,0,0,1407,2664,4,33,
6290855005,2016-04-24,Sunday,5896,4.46,4.46,0.0,0.0,4.46,0.0,0,0,258,1182,2703,4,258,1322.0
6290855005,2016-04-25,Monday,7802,5.9,5.9,0.68,0.18,5.03,0.01,8,3,249,1180,2771,4,260,1322.4
6290855005,2016-04-26,Tuesday,0,0.0,0.0,0.0,0.0,0.0,0.0,0,0,0,1440,2060,4,0,
6290855005,2016-04-27,Wednesday,5565,4.21,4.21,0.0,0.0,4.18,0.03,0,0,287,1153,2743,4,287,1321.9
6290855005,2016-04-28,Thursday,5731,4.33,4.33,0.0,0.0,4.33,0.0,0,0,255,1185,2687,4,255,1323.6
6290855005,2016-04-29,Friday,0,0.0,0.0,0.0,0.0,0.0,0.0,0,0,0,1440,2060,4,0,
6290855005,2016-04-30,Saturday,6744,5.1,5.1,0.0,0.0,5.09,0.01,0,0,324,1116,2843,4,324,1322.4
6290855005,2016-05-01,Sunday,9837,7.44,7.44,0.66,2.75,4.0,0.02,8,95,282,1055,3327,5,385,1322.2
6290855005,2016-05-02,Monday,6781,5.13,5.13,0.0,0.0,5.11,0.02,0,0,268,1172,2725,5,268,1321.8
6290855005,2016-05-03,Tuesday,6047,4.57,4.57,0.0,0.0,4.57,0.0,0,0,240,1200,2671,5,240,1323.2
6290855005,2016-05-04,Wednesday,5832,4.41,4.41,0.0,0.0,4.4,0.01,0,0,272,1168,2718,5,272,1322.4
6290855005,2016-05-05,Thursday,6339,4.79,4.79,0.0,0.0,4.79,0.0,0,0,239,1201,2682,5,239,1323.4
6290855005,2016-05-06,Friday,6116,4.62,4.62,0.0,0.0,4.59,0.03,0,0,305,1135,2806,5,305,1323.8
6290855005,2016-05-07,Saturday,5510,4.17,4.17,0.0,0.0,4.16,0.0,0,0,227,1213,2613,5,227,1321.3
6290855005,2016-05-08,Sunday,7706,5.83,5.83,0.0,0.0,5.82,0.0,0,0,251,1189,2712,5,251,1321.8
6290855005,2016-05-09,Monday,6277,4.75,4.75,0.0,0.0,4.73,0.02,0,0,264,800,2175,5,264,1321.5
6290855005,2016-05-10,Tuesday,0,0.0,0.0,0.0,0.0,0.0,0.0,0,0,0,1440,0,5,0,
6775888955,2016-04-12,Tuesday,0,0.0,0.0,0.0,0.0,0.0,0.0,0,0,0,1440,1841,4,0,
6775888955,2016-04-13,Wednesday,4053,2.91,2.91,1.11,0.58,1.22,0.0,17,18,85,1053,2400,4,120,1392.8
6775888955,2016-04-14,Thursday,5162,3.7,3.7,0.87,0.86,1.97,0.0,14,24,105,863,2507,4,143,1395.1
6775888955,2016-04-15,Friday,1282,0.92,0.92,0.0,0.0,0.92,0.0,0,0,58,976,2127,4,58,1393.5
6775888955,2016-04-16,Saturday,4732,3.39,3.39,2.52,0.81,0.06,0.0,36,18,9,1377,2225,4,63,1395.9
6775888955,2016-04-17,Sunday,2497,1.79,1.79,0.35,1.13,0.31,0.0,5,24,19,1392,2067,4,48,1395.0
6775888955,2016-04-18,Monday,8294,5.95,5.95,2.0,0.77,3.17,0.0,30,31,146,1233,2798,4,207,1393.9
6775888955,2016-04-19,Tuesday,0,0.0,0.0,0.0,0.0,0.0,0.0,0,0,0,1440,1841,4,0,
6775888955,2016-04-20,Wednesday,10771,7.72,7.72,3.77,1.74,2.22,0.0,70,113,178,1079,3727,4,361,1395.2
6775888955,2016-04-21,Thursday,0,0.0,0.0,0.0,0.0,0.0,0.0,0,0,0,1440,1841,4,0,
6775888955,2016-04-22,Friday,637,0.46,0.46,0.0,0.0,0.46,0.0,0,0,20,1420,1922,4,20,1384.8
6775888955,2016-04-23,Saturday,0,0.0,0.0,0.0,0.0,0.0,0.0,0,0,0,1440,1841,4,0,
6775888955,2016-04-24,Sunday,2153,1.54,1.54,0.77,0.62,0.15,0.0,11,18,11,1400,2053,4,40,1398.1
6775888955,2016-04-25,Monday,6474,4.64,4.64,2.27,0.46,1.9,0.0,33,13,92,1302,2484,4,138,1395.3
6775888955,2016-04-26,Tuesday,7091,5.27,5.27,3.48,0.87,0.73,0.0,42,30,47,1321,2584,4,119,1345.5
6775888955,2016-04-27,Wednesday,0,0.0,0.0,0.0,0.0,0.0,0.0,0,0,0,1440,1841,4,0,
6775888955,2016-04-28,Thursday,703,0.5,0.5,0.06,0.2,0.24,0.0,2,13,15,1410,1993,4,30,1406.0
6775888955,2016-04-29,Friday,0,0.0,0.0,0.0,0.0,0.0,0.0,0,0,0,1440,1841,4,0,
6775888955,2016-04-30,Saturday,2503,1.79,1.79,0.16,0.16,1.48,0.0,3,9,84,1344,2280,4,96,1398.3
6775888955,2016-05-01,Sunday,2487,1.78,1.78,0.48,0.62,0.68,0.0,9,34,50,1347,2319,5,93,1397.2
6775888955,2016-05-02,Monday,0,0.0,0.0,0.0,0.0,0.0,0.0,0,0,0,1440,1841,5,0,
6775888955,2016-05-03,Tuesday,9,0.01,0.01,0.0,0.0,0.01,0.0,0,0,1,1439,1843,5,1,900.0
6775888955,2016-05-04,Wednesday,0,0.0,0.0,0.0,0.0,0.0,0.0,0,0,0,1440,1841,5,0,
6775888955,2016-05-05,Thursday,0,0.0,0.0,0.0,0.0,0.0,0.0,0,0,0,1440,1841,5,0,
6775888955,2016-05-06,Friday,4697,3.37,3.37,0.47,0.93,1.93,0.0,12,35,75,1318,2496,5,122,1393.8
6775888955,2016-05-07,Saturday,1967,1.41,1.41,0.13,0.24,1.05,0.0,2,5,49,551,1032,5,56,1395.0
6962181067,2016-04-12,Tuesday,10199,6.74,6.74,3.4,0.83,2.51,0.0,50,14,189,796,1994,4,253,1513.2
6962181067,2016-04-13,Wednesday,5652,3.74,3.74,0.57,1.21,1.96,0.0,8,24,142,548,1718,4,174,1511.2
6962181067,2016-04-14,Thursday,1551,1.03,1.03,0.0,0.0,1.03,0.0,0,0,86,862,1466,4,86,1505.8
6962181067,2016-04-15,Friday,5563,3.68,3.68,0.0,0.0,3.68,0.0,0,0,217,837,1756,4,217,1511.7
6962181067,2016-04-16,Saturday,13217,8.74,8.74,3.66,0.19,4.88,0.0,50,3,280,741,2173,4,333,1512.2
6962181067,2016-04-17,Sunday,10145,6.71,6.71,0.33,0.68,5.69,0.0,5,13,295,634,2027,4,313,1511.9
6962181067,2016-04-18,Monday,11404,7.54,7.54,0.83,2.39,4.32,0.0,13,42,238,689,2039,4,293,1512.5
6962181067,2016-04-19,Tuesday,10742,7.1,7.1,2.1,2.13,2.87,0.0,35,41,195,659,2046,4,271,1513.0
6962181067,2016-04-20,Wednesday,13928,9.55,9.55,4.28,0.19,5.09,0.0,48,4,297,639,2174,4,349,1458.4
6962181067,2016-04-21,Thursday,11835,9.71,7.88,3.99,2.1,3.51,0.11,53,27,214,708,2179,4,294,1218.8
6962181067,2016-04-22,Friday,10725,7.09,7.09,1.77,1.55,3.77,0.0,30,33,240,659,2086,4,303,1512.7
6962181067,2016-04-23,Saturday,20031,13.24,13.24,4.2,2.0,7.04,0.0,58,41,347,484,2571,4,446,1512.9
6962181067,2016-04-24,Sunday,5029,3.32,3.32,0.0,0.0,3.32,0.0,0,0,199,720,1705,4,199,1514.8
6962181067,2016-04-25,Monday,13239,9.27,9.08,3.02,1.68,4.46,0.1,35,31,282,637,2194,4,348,1428.2
6962181067,2016-04-26,Tuesday,10433,6.9,6.9,2.58,0.42,3.9,0.0,36,7,254,680,2012,4,297,1512.0
6962181067,2016-04-27,Wednesday,10320,6.82,6.82,0.55,2.02,4.25,0.0,7,38,279,697,2034,4,324,1513.2
6962181067,2016-04-28,Thursday,12627,8.35,8.35,2.51,0.24,5.59,0.0,38,8,288,621,2182,4,334,1512.2
6962181067,2016-04-29,Friday,10762,7.11,7.11,0.82,0.48,5.81,0.0,12,15,369,645,2254,4,396,1513.6
6962181067,2016-04-30,Saturday,10081,6.66,6.66,2.24,0.76,3.67,0.0,32,16,237,731,2002,4,285,1513.7
6962181067,2016-05-01,Sunday,5454,3.61,3.61,0.0,0.0,3.61,0.0,0,0,215,722,1740,5,215,1510.8
6962181067,2016-05-02,Monday,12912,8.54,8.54,1.2,2.0,5.34,0.0,18,39,313,655,2162,5,370,1511.9
6962181067,2016-05-03,Tuesday,12109,8.12,8.12,1.74,2.04,4.33,0.0,21,36,267,654,2072,5,324,1491.3
6962181067,2016-05-04,Wednesday,10147,6.71,6.71,0.47,1.68,4.55,0.0,15,36,284,683,2086,5,335,1512.2
6962181067,2016-05-05,Thursday,10524,6.96,6.96,0.99,1.16,4.81,0.0,14,22,305,591,2066,5,341,1512.1
6962181067,2016-05-06,Friday,5908,3.91,3.91,0.0,0.0,3.91,0.0,0,0,299,717,1850,5,299,1511.0
6962181067,2016-05-07,Saturday,6815,4.5,4.5,0.0,0.0,4.5,0.0,0,0,328,745,1947,5,328,1514.4
6962181067,2016-05-08,Sunday,4188,2.77,2.77,0.0,0.52,2.25,0.0,0,14,151,709,1659,5,165,1511.9
6962181067,2016-05-09,Monday,12342,8.72,8.68,3.9,1.18,3.65,0.0,43,21,231,607,2105,5,295,1415.4
6962181067,2016-05-10,Tuesday,15448,10.21,10.21,3.47,1.75,4.99,0.0,62,34,275,626,2361,5,371,1513.0
6962181067,2016-05-11,Wednesday,6722,4.44,4.44,1.49,0.31,2.65,0.0,24,7,199,709,1855,5,230,1514.0
6962181067,2016-05-12,Thursday,3587,2.37,2.37,0.0,0.25,2.11,0.0,0,8,105,127,928,5,113,1513.5
7007744171,2016-04-12,Tuesday,14172,10.29,9.48,4.5,0.38,5.41,0.0,53,8,355,1024,2937,4,416,1377.3
7007744171,2016-04-13,Wednesday,12862,9.65,8.6,4.61,0.56,4.48,0.0,56,22,261,1101,2742,4,339,1332.8
7007744171,2016-04-14,Thursday,11179,8.24,7.48,2.95,0.34,4.96,0.0,34,6,304,1096,2668,4,344,1356.7
7007744171,2016-04-15,Friday,5273,3.53,3.53,0.0,0.0,3.53,0.0,0,0,202,1238,2098,4,202,1493.8
7007744171,2016-04-16,Saturday,4631,3.1,3.1,0.0,0.0,3.1,0.0,0,0,203,1155,2076,4,203,1493.9
7007744171,2016-04-17,Sunday,8059,5.39,5.39,0.0,0.0,5.39,0.0,0,0,305,1135,2383,4,305,1495.2
7007744171,2016-04-18,Monday,14816,10.98,9.91,3.79,2.12,5.05,0.02,48,31,284,1077,2832,4,363,1349.4
7007744171,2016-04-19,Tuesday,14194,10.48,9.5,4.41,0.76,5.31,0.0,53,17,304,1066,2812,4,374,1354.4
7007744171,2016-04-20,Wednesday,15566,11.31,10.41,4.79,0.67,5.86,0.0,60,33,347,1000,3096,4,440,1376.3
7007744171,2016-04-21,Thursday,13744,9.19,9.19,2.15,1.87,5.17,0.0,30,34,327,1049,2763,4,391,1495.5
7007744171,2016-04-22,Friday,15299,10.24,10.24,4.1,1.76,4.37,0.0,64,50,261,1065,2889,4,375,1494.0
7007744171,2016-04-23,Saturday,8093,5.41,5.41,0.13,1.13,4.15,0.0,2,25,223,1190,2284,4,250,1495.9
7007744171,2016-04-24,Sunday,11085,7.42,7.42,0.0,0.0,7.42,0.0,0,0,419,1021,2667,4,419,1493.9
7007744171,2016-04-25,Monday,18229,13.34,12.2,4.31,1.37,7.67,0.0,51,24,379,986,3055,4,454,1366.5
7007744171,2016-04-26,Tuesday,15090,10.1,10.1,0.93,0.94,8.23,0.0,16,22,424,978,2939,4,462,1494.1
7007744171,2016-04-27,Wednesday,13541,10.22,9.06,4.27,0.66,5.29,0.0,50,12,337,1041,2830,4,399,1325.0
7007744171,2016-04-28,Thursday,15128,10.12,10.12,1.09,0.77,8.26,0.0,16,16,401,1007,2836,4,433,1494.9
7007744171,2016-04-29,Friday,20067,14.3,13.42,4.31,2.05,7.95,0.0,55,42,382,961,3180,4,479,1403.3
7007744171,2016-04-30,Saturday,3761,2.52,2.52,0.0,0.0,2.52,0.0,0,0,200,1240,2051,4,200,1492.5
7007744171,2016-05-01,Sunday,5600,3.75,3.75,0.0,0.0,3.75,0.0,0,0,237,1142,2225,5,237,1493.3
7007744171,2016-05-02,Monday,13041,9.18,8.72,4.64,0.7,3.83,0.0,64,14,250,1112,2642,5,328,1420.6
7007744171,2016-05-03,Tuesday,14510,10.87,9.71,4.48,1.02,5.36,0.0,58,31,330,1021,2976,5,419,1334.9
7007744171,2016-05-04,Wednesday,0,0.0,0.0,0.0,0.0,0.0,0.0,0,0,0,1440,1557,5,0,
7007744171,2016-05-05,Thursday,15010,11.1,10.04,4.33,1.29,5.48,0.0,53,23,317,1047,2933,5,393,1352.3
7007744171,2016-05-06,Friday,11459,7.67,7.67,3.0,0.81,3.86,0.0,44,13,247,1136,2553,5,304,1494.0
7007744171,2016-05-07,Saturday,0,0.0,0.0,0.0,0.0,0.0,0.0,0,0,0,111,120,5,0,
7086361926,2016-04-12,Tuesday,11317,8.41,8.41,5.27,0.15,2.97,0.0,59,6,153,745,2772,4,218,1345.7
7086361926,2016-04-13,Wednesday,5813,3.62,3.62,0.56,0.21,2.84,0.0,31,26,155,744,2516,4,212,1605.8
7086361926,2016-04-14,Thursday,9123,6.12,6.12,2.03,0.33,3.66,0.0,35,32,189,787,2734,4,256,1490.7
7086361926,2016-04-15,Friday,8585,5.67,5.67,2.04,1.11,2.53,0.0,30,21,139,864,2395,4,190,1514.1
7086361926,2016-04-16,Saturday,31,0.01,0.01,0.0,0.0,0.01,0.0,0,0,3,1437,1635,4,3,3100.0
7086361926,2016-04-17,Sunday,0,0.0,0.0,0.0,0.0,0.0,0.0,0,0,0,1440,1629,4,0,
7086361926,2016-04-18,Monday,9827,6.71,6.71,3.17,1.22,2.31,0.0,61,51,114,1136,2743,4,226,1464.5
7086361926,2016-04-19,Tuesday,10688,7.29,7.29,3.53,1.23,2.51,0.0,67,69,124,671,2944,4,260,1466.1
7086361926,2016-04-20,Wednesday,14365,10.64,10.64,7.64,0.45,2.54,0.0,87,13,145,797,2997,4,245,1350.1
7086361926,2016-04-21,Thursday,9469,6.18,6.18,1.36,0.3,4.51,0.0,19,6,206,758,2463,4,231,1532.2
7086361926,2016-04-22,Friday,9753,6.53,6.53,2.87,0.97,2.67,0.0,58,59,153,762,2846,4,270,1493.6
7086361926,2016-04-23,Saturday,2817,1.81,1.81,0.0,0.0,1.8,0.0,0,0,90,1350,1965,4,90,1556.4
7086361926,2016-04-24,Sunday,3520,2.16,2.16,0.0,0.0,2.15,0.0,0,0,125,566,2049,4,125,1629.6
7086361926,2016-04-25,Monday,10091,6.82,6.82,3.75,0.7,2.37,0.0,69,39,129,706,2752,4,237,1479.6
7086361926,2016-04-26,Tuesday,10387,7.07,7.07,4.16,0.77,2.12,0.0,70,33,132,726,2781,4,235,1469.2
7086361926,2016-04-27,Wednesday,11107,8.34,8.34,5.63,0.18,2.53,0.0,55,6,145,829,2693,4,206,1331.8
7086361926,2016-04-28,Thursday,11584,7.8,7.8,2.79,1.64,3.36,0.0,54,48,161,810,2862,4,263,1485.1
7086361926,2016-04-29,Friday,7881,4.95,4.95,0.49,0.45,4.0,0.0,24,36,182,1198,2616,4,242,1592.1
7086361926,2016-04-30,Saturday,14560,9.41,9.41,3.12,1.04,5.24,0.0,42,17,308,584,2995,4,367,1547.3
7086361926,2016-05-01,Sunday,12390,8.07,8.07,2.3,0.9,4.85,0.0,30,15,258,685,2730,5,303,1535.3
7086361926,2016-05-02,Monday,10052,6.81,6.81,3.48,0.66,2.66,0.0,66,26,139,737,2754,5,231,1476.1
7086361926,2016-05-03,Tuesday,10288,6.76,6.76,2.74,0.85,3.16,0.0,57,36,152,761,2754,5,245,1521.9
7086361926,2016-05-04,Wednesday,10988,8.31,8.31,5.28,0.12,2.9,0.0,45,12,135,843,2655,5,192,1322.3
7086361926,2016-05-05,Thursday,8564,5.6,5.6,1.78,0.83,2.95,0.0,24,14,149,1253,2386,5,187,1529.3
7086361926,2016-05-06,Friday,12461,8.38,8.38,3.82,1.43,3.12,0.0,84,35,154,834,2924,5,273,1487.0
7086361926,2016-05-07,Saturday,12827,8.48,8.48,1.46,2.33,4.68,0.0,20,42,209,621,2739,5,271,1512.6
7086361926,2016-05-08,Sunday,10677,7.1,7.1,2.31,1.53,3.25,0.0,32,27,147,695,2534,5,206,1503.8
7086361926,2016-05-09,Monday,13566,9.11,9.11,4.26,1.71,3.12,0.0,67,50,171,743,2960,5,288,1489.1
7086361926,2016-05-10,Tuesday,14433,10.79,10.79,7.11,1.2,2.45,0.0,72,23,106,1182,2800,5,201,1337.6
7086361926,2016-05-11,Wednesday,9572,6.52,6.52,2.89,1.39,2.23,0.0,57,40,128,757,2735,5,225,1468.1
7086361926,2016-05-12,Thursday,3789,2.56,2.56,0.38,0.27,1.89,0.0,5,4,58,343,1199,5,67,1480.1
8053475328,2016-04-12,Tuesday,18060,14.12,14.12,11.64,0.39,2.1,0.0,116,8,123,1193,3186,4,247,1279.0
8053475328,2016-04-13,Wednesday,16433,13.35,13.35,10.43,0.47,2.45,0.0,95,12,156,1177,3140,4,263,1230.9
8053475328,2016-04-14,Thursday,20159,15.97,15.97,12.34,0.21,3.36,0.0,119,5,193,1123,3411,4,317,1262.3
8053475328,2016-04-15,Friday,20669,16.24,16.24,13.26,0.39,2.59,0.0,132,8,158,1142,3410,4,298,1272.7
8053475328,2016-04-16,Saturday,14549,11.11,11.11,9.36,0.27,1.49,0.0,96,6,83,1255,2867,4,185,1309.5
8053475328,2016-04-17,Sunday,18827,13.69,13.69,9.24,0.8,3.64,0.0,111,21,195,1113,3213,4,327,1375.2
8053475328,2016-04-18,Monday,17076,12.66,12.66,9.08,0.23,3.35,0.0,102,6,195,1137,3133,4,303,1348.8
8053475328,2016-04-19,Tuesday,15929,12.48,12.48,9.22,0.31,2.95,0.0,90,7,191,1152,3114,4,288,1276.4
8053475328,2016-04-20,Wednesday,15108,12.19,12.19,9.58,0.23,2.38,0.0,89,5,158,695,3043,4,252,1239.4
8053475328,2016-04-21,Thursday,16057,12.51,12.51,9.67,0.25,2.58,0.0,100,6,170,1164,3103,4,276,1283.5
8053475328,2016-04-22,Friday,10520,8.29,8.29,6.26,0.15,1.88,0.0,60,3,117,1260,2655,4,180,1269.0
8053475328,2016-04-23,Saturday,22359,17.19,17.19,12.54,0.63,4.02,0.0,125,14,223,741,3554,4,362,1300.7
8053475328,2016-04-24,Sunday,22988,17.95,17.95,13.13,1.55,3.26,0.0,129,33,182,1096,3577,4,344,1280.7
8053475328,2016-04-25,Monday,20500,15.69,15.69,11.37,0.46,3.86,0.0,118,9,209,1104,3403,4,336,1306.6
8053475328,2016-04-26,Tuesday,12685,9.62,9.62,6.31,0.2,3.1,0.0,68,5,185,1182,2846,4,258,1318.6
8053475328,2016-04-27,Wednesday,12422,9.82,9.82,6.46,0.43,2.93,0.0,60,10,183,1187,2852,4,253,1265.0
8053475328,2016-04-28,Thursday,15447,12.4,12.4,9.67,0.39,2.35,0.0,90,9,153,1188,3062,4,252,1245.7
8053475328,2016-04-29,Friday,12315,9.65,9.65,6.17,0.31,3.17,0.0,58,8,159,1215,2794,4,225,1276.2
8053475328,2016-04-30,Saturday,7135,5.59,5.59,2.99,0.06,2.54,0.0,27,1,131,1281,2408,4,159,1276.4
8053475328,2016-05-01,Sunday,1170,0.85,0.85,0.0,0.0,0.85,0.0,0,0,51,1389,1886,5,51,1376.5
8053475328,2016-05-02,Monday,1969,1.43,1.43,0.0,0.0,1.43,0.0,0,0,95,1345,1988,5,95,1376.9
8053475328,2016-05-03,Tuesday,15484,11.9,11.9,8.39,0.93,2.59,0.0,87,22,165,1166,3023,5,274,1301.2
8053475328,2016-05-04,Wednesday,14581,11.15,11.15,8.82,0.4,1.91,0.0,89,8,123,1220,2918,5,220,1307.7
8053475328,2016-05-05,Thursday,14990,11.51,11.51,8.85,0.45,2.21,0.0,93,9,130,1208,2950,5,232,1302.3
8053475328,2016-05-06,Friday,13953,11.0,11.0,9.1,0.69,1.21,0.0,90,15,90,1245,2859,5,195,1268.5
8053475328,2016-05-07,Saturday,19769,15.67,15.67,12.44,0.88,2.35,0.0,121,20,148,1076,3331,5,289,1261.6
8053475328,2016-05-08,Sunday,22026,17.65,17.65,13.4,0.59,3.66,0.0,125,14,228,1073,3589,5,367,1247.9
8053475328,2016-05-09,Monday,12465,9.38,9.38,6.12,0.57,2.69,0.0,66,12,148,1214,2765,5,226,1328.9
8053475328,2016-05-10,Tuesday,14810,11.36,11.36,9.09,0.42,1.85,0.0,96,10,115,1219,2926,5,221,1303.7
8053475328,2016-05-11,Wednesday,12209,9.4,9.4,6.08,0.28,3.04,0.0,60,7,184,1189,2809,5,251,1298.8
8053475328,2016-05-12,Thursday,4998,3.91,3.91,2.95,0.2,0.76,0.0,28,4,39,839,1505,5,71,1278.3
8253242879,2016-04-12,Tuesday,9033,7.16,7.16,5.43,0.14,1.59,0.0,40,2,154,1244,2044,4,196,1261.6
8253242879,2016-04-13,Wednesday,8053,6.1,6.1,4.17,0.63,1.31,0.0,35,11,96,1298,1935,4,142,1320.2
8253242879,2016-04-14,Thursday,5234,3.46,3.46,1.93,0.99,0.54,0.0,29,16,33,1362,1705,4,78,1512.7
8253242879,2016-04-15,Friday,2672,1.77,1.77,0.0,0.0,1.76,0.0,0,0,105,1335,1632,4,105,1509.6
8253242879,2016-04-16,Saturday,9256,6.14,6.14,0.43,3.27,2.45,0.0,6,51,115,1268,1880,4,172,1507.5
8253242879,2016-04-17,Sunday,10204,7.91,7.91,5.43,0.15,2.33,0.0,41,5,157,1237,2112,4,203,1290.0
8253242879,2016-04-18,Monday,5151,3.48,3.48,1.04,0.63,1.8,0.0,16,16,130,1278,1829,4,162,1480.2
8253242879,2016-04-19,Tuesday,4212,2.78,2.78,0.0,0.0,2.78,0.0,0,0,164,1276,1763,4,164,1515.1
8253242879,2016-04-20,Wednesday,6466,4.27,4.27,0.33,0.82,3.11,0.01,5,18,216,1201,1931,4,239,1514.3
8253242879,2016-04-21,Thursday,11268,8.56,8.56,5.88,0.93,1.75,0.0,49,20,172,1199,2218,4,241,1316.4
8253242879,2016-04-22,Friday,2824,1.87,1.87,0.0,0.0,1.87,0.0,0,0,120,1320,1651,4,120,1510.2
8253242879,2016-04-23,Saturday,9282,6.26,6.26,2.09,1.04,3.13,0.0,30,26,191,1193,2132,4,247,1482.7
8253242879,2016-04-24,Sunday,8905,7.13,7.13,5.6,0.19,1.34,0.0,41,4,82,1313,1976,4,127,1248.9
8253242879,2016-04-25,Monday,6829,4.51,4.51,0.36,2.39,1.77,0.0,7,54,118,1261,1909,4,179,1514.2
8253242879,2016-04-26,Tuesday,4562,3.04,3.04,1.18,0.49,1.37,0.0,19,14,108,1299,1813,4,141,1500.7
8253242879,2016-04-27,Wednesday,10232,8.18,8.18,6.24,0.23,1.7,0.0,45,5,104,1286,2008,4,154,1250.9
8253242879,2016-04-28,Thursday,2718,1.8,1.8,0.67,0.78,0.34,0.0,11,16,20,1393,1580,4,47,1510.0
8253242879,2016-04-29,Friday,6260,4.26,4.26,1.29,0.54,2.4,0.0,16,14,136,1257,1854,4,166,1469.5
8253242879,2016-04-30,Saturday,0,0.0,0.0,0.0,0.0,0.0,0.0,0,0,0,1440,0,4,0,
8378563200,2016-04-12,Tuesday,7626,6.05,6.05,0.83,0.71,4.5,0.0,65,15,156,723,3635,4,236,1260.5
8378563200,2016-04-13,Wednesday,12386,9.82,9.82,4.96,0.65,4.21,0.0,116,14,169,680,4079,4,299,1261.3
8378563200,2016-04-14,Thursday,13318,10.56,10.56,5.62,1.03,3.91,0.0,123,21,174,699,4163,4,318,1261.2
8378563200,2016-04-15,Friday,14461,11.47,11.47,4.91,1.15,5.41,0.0,60,23,190,729,3666,4,273,1260.8
8378563200,2016-04-16,Saturday,11207,8.89,8.89,5.37,1.07,2.44,0.0,64,21,142,563,3363,4,227,1260.6
8378563200,2016-04-17,Sunday,2132,1.69,1.69,0.0,0.0,1.69,0.0,0,0,93,599,2572,4,93,1261.5
8378563200,2016-04-18,Monday,13630,10.81,10.81,5.05,0.56,5.2,0.0,117,10,174,720,4157,4,301,1260.9
8378563200,2016-04-19,Tuesday,13070,10.36,10.36,5.3,0.88,4.18,0.0,120,19,154,737,4092,4,293,1261.6
8378563200,2016-04-20,Wednesday,9388,7.44,7.44,2.23,0.44,4.78,0.0,82,8,169,763,3787,4,259,1261.8
8378563200,2016-04-21,Thursday,15148,12.01,12.01,6.9,0.82,4.29,0.0,137,16,145,677,4236,4,298,1261.3
8378563200,2016-04-22,Friday,12200,9.67,9.67,4.91,0.59,4.18,0.0,113,12,159,769,4044,4,284,1261.6
8378563200,2016-04-23,Saturday,5709,4.53,4.53,1.52,0.52,2.48,0.0,19,10,136,740,2908,4,165,1260.3
8378563200,2016-04-24,Sunday,3703,2.94,2.94,0.0,0.0,2.94,0.0,0,0,135,734,2741,4,135,1259.5
8378563200,2016-04-25,Monday,12405,9.84,9.84,5.05,0.87,3.92,0.0,117,16,141,692,4005,4,274,1260.7
8378563200,2016-04-26,Tuesday,16208,12.85,12.85,7.51,0.92,4.42,0.0,90,18,161,593,3763,4,269,1261.3
8378563200,2016-04-27,Wednesday,7359,5.84,5.84,0.33,0.18,5.33,0.0,4,4,192,676,3061,4,200,1260.1
8378563200,2016-04-28,Thursday,5417,4.3,4.3,0.9,0.49,2.91,0.0,11,10,139,711,2884,4,160,1259.8
8378563200,2016-04-29,Friday,6175,4.9,4.9,0.25,0.36,4.27,0.0,3,7,172,767,2982,4,182,1260.2
8378563200,2016-04-30,Saturday,2946,2.34,2.34,0.0,0.0,2.34,0.0,0,0,121,780,2660,4,121,1259.0
8378563200,2016-05-01,Sunday,11419,9.06,9.06,6.03,0.56,2.47,0.0,71,10,127,669,3369,5,208,1260.4
8378563200,2016-05-02,Monday,6064,4.81,4.81,0.63,0.17,4.01,0.0,63,4,142,802,3491,5,209,1260.7
8378563200,2016-05-03,Tuesday,8712,6.91,6.91,1.34,1.06,4.5,0.0,71,20,195,822,3784,5,286,1260.8
8378563200,2016-05-04,Wednesday,7875,6.24,6.24,1.56,0.49,4.2,0.0,19,10,167,680,3110,5,196,1262.0
8378563200,2016-05-05,Thursday,8567,6.79,6.79,0.89,0.16,5.74,0.0,66,3,214,764,3783,5,283,1261.7
8378563200,2016-05-06,Friday,7045,5.59,5.59,1.55,0.25,3.78,0.0,74,5,166,831,3644,5,245,1260.3
8378563200,2016-05-07,Saturday,4468,3.54,3.54,0.0,0.0,3.54,0.0,0,0,158,851,2799,5,158,1262.1
8378563200,2016-05-08,Sunday,2943,2.33,2.33,0.0,0.0,2.33,0.0,0,0,139,621,2685,5,139,1263.1
8378563200,2016-05-09,Monday,8382,6.65,6.65,1.27,0.66,4.72,0.0,71,13,171,772,3721,5,255,1260.5
8378563200,2016-05-10,Tuesday,6582,5.22,5.22,0.66,0.64,3.92,0.0,63,13,152,840,3586,5,228,1260.9
8378563200,2016-05-11,Wednesday,9143,7.25,7.25,1.39,0.59,5.27,0.0,72,10,184,763,3788,5,266,1261.1
8378563200,2016-05-12,Thursday,4561,3.62,3.62,0.65,0.27,2.69,0.0,8,6,102,433,1976,5,116,1259.9
8583815059,2016-04-12,Tuesday,5014,3.91,3.91,0.0,0.33,3.58,0.0,0,7,196,1237,2650,4,203,1282.4
8583815059,2016-04-13,Wednesday,5571,4.35,4.35,0.15,0.97,3.23,0.0,2,23,163,1252,2654,4,188,1280.7
8583815059,2016-04-14,Thursday,3135,2.45,2.45,0.0,0.0,2.43,0.0,0,0,134,1306,2443,4,134,1279.6
8583815059,2016-04-15,Friday,3430,2.68,2.68,0.0,0.0,0.9,0.0,0,0,65,1375,2505,4,65,1279.9
8583815059,2016-04-16,Saturday,5319,4.15,4.15,0.0,0.0,0.0,0.0,0,0,0,1440,2693,4,0,1281.7
8583815059,2016-04-17,Sunday,3008,2.35,2.35,0.0,0.0,0.0,0.0,0,0,0,1440,2439,4,0,1280.0
8583815059,2016-04-18,Monday,3864,3.01,3.01,0.31,1.06,1.35,0.0,4,22,105,1309,2536,4,131,1283.7
8583815059,2016-04-19,Tuesday,5697,4.44,4.44,0.53,0.48,3.44,0.0,7,10,166,1257,2668,4,183,1283.1
8583815059,2016-04-20,Wednesday,5273,4.11,4.11,0.0,1.04,3.07,0.0,0,27,167,1246,2647,4,194,1283.0
8583815059,2016-04-21,Thursday,8538,6.66,6.66,2.63,1.02,3.01,0.0,35,18,158,1229,2883,4,211,1282.0
8583815059,2016-04-22,Friday,8687,6.78,6.78,0.29,2.41,4.08,0.0,4,54,212,1170,2944,4,270,1281.3
8583815059,2016-04-23,Saturday,9423,7.35,7.35,0.53,2.03,4.75,0.0,7,44,238,1151,3012,4,289,1282.0
8583815059,2016-04-24,Sunday,8286,6.46,6.46,0.15,2.05,4.27,0.0,2,44,206,1188,2889,4,252,1282.7
8583815059,2016-04-25,Monday,4503,3.51,3.51,1.47,0.24,1.81,0.0,18,6,122,1294,2547,4,146,1282.9
8583815059,2016-04-26,Tuesday,10499,8.19,8.19,0.07,4.22,3.89,0.0,1,91,214,1134,3093,4,306,1281.9
8583815059,2016-04-27,Wednesday,12474,9.73,9.73,6.6,0.27,2.87,0.0,77,5,129,1229,3142,4,211,1282.0
8583815059,2016-04-28,Thursday,6174,4.82,4.82,0.0,1.2,3.61,0.0,0,28,203,1209,2757,4,231,1280.9
8583815059,2016-04-29,Friday,15168,11.83,11.83,3.9,3.0,4.92,0.0,46,67,258,1069,3513,4,371,1282.2
8583815059,2016-04-30,Saturday,10085,7.87,7.87,0.15,1.28,6.43,0.0,2,28,317,1093,3164,4,347,1281.4
8583815059,2016-05-01,Sunday,4512,3.52,3.52,0.78,0.12,2.04,0.0,10,2,117,1311,2596,5,129,1281.8
8583815059,2016-05-02,Monday,8469,6.61,6.61,0.0,0.0,0.0,0.0,0,0,0,1440,2894,5,0,1281.2
8583815059,2016-05-03,Tuesday,12015,9.37,9.37,0.0,0.0,0.0,0.0,0,0,0,1440,3212,5,0,1282.3
8583815059,2016-05-04,Wednesday,3588,2.8,2.8,0.0,0.0,0.0,0.0,0,0,0,1440,2516,5,0,1281.4
8583815059,2016-05-05,Thursday,12427,9.69,9.69,0.0,0.0,1.18,0.0,0,0,70,1370,3266,5,70,1282.5
8583815059,2016-05-06,Friday,5843,4.56,4.56,0.14,1.19,3.23,0.0,2,22,166,1250,2683,5,190,1281.4
8583815059,2016-05-07,Saturday,6117,4.77,4.77,0.0,0.0,4.77,0.0,0,0,250,1190,2810,5,250,1282.4
8583815059,2016-05-08,Sunday,9217,7.19,7.19,0.22,3.31,3.66,0.0,3,72,182,1183,2940,5,257,1281.9
8583815059,2016-05-09,Monday,9877,7.7,7.7,5.76,0.17,1.73,0.0,66,4,110,1260,2947,5,180,1282.7
8583815059,2016-05-10,Tuesday,8240,6.43,6.43,0.69,2.01,3.72,0.0,9,43,162,1226,2846,5,214,1281.5
8583815059,2016-05-11,Wednesday,8701,6.79,6.79,0.37,3.24,3.17,0.0,5,71,177,1106,2804,5,253,1281.4
8583815059,2016-05-12,Thursday,0,0.0,0.0,0.0,0.0,0.0,0.0,0,0,0,1440,0,5,0,
8792009665,2016-04-12,Tuesday,2564,1.64,1.64,0.0,0.0,1.64,0.0,0,0,116,831,2044,4,116,1563.4
8792009665,2016-04-13,Wednesday,1320,0.84,0.84,0.0,0.0,0.84,0.0,0,0,82,806,1934,4,82,1571.4
8792009665,2016-04-14,Thursday,1219,0.78,0.78,0.0,0.0,0.78,0.0,0,0,84,853,1963,4,84,1562.8
8792009665,2016-04-15,Friday,2483,1.59,1.59,0.0,0.0,1.59,0.0,0,0,126,937,2009,4,126,1561.6
8792009665,2016-04-16,Saturday,244,0.16,0.16,0.0,0.0,0.16,0.0,0,0,12,1428,1721,4,12,1525.0
8792009665,2016-04-17,Sunday,0,0.0,0.0,0.0,0.0,0.0,0.0,0,0,0,1440,1688,4,0,
8792009665,2016-04-18,Monday,0,0.0,0.0,0.0,0.0,0.0,0.0,0,0,0,1440,1688,4,0,
8792009665,2016-04-19,Tuesday,0,0.0,0.0,0.0,0.0,0.0,0.0,0,0,0,1440,1688,4,0,
8792009665,2016-04-20,Wednesday,3147,2.01,2.01,0.0,0.28,1.74,0.0,0,10,139,744,2188,4,149,1565.7
8792009665,2016-04-21,Thursday,144,0.09,0.09,0.0,0.0,0.09,0.0,0,0,9,1431,1720,4,9,1600.0
8792009665,2016-04-22,Friday,4068,2.6,2.6,0.05,0.28,2.27,0.0,1,20,195,817,2419,4,216,1564.6
8792009665,2016-04-23,Saturday,5245,3.36,3.36,0.16,0.44,2.75,0.0,8,45,232,795,2748,4,285,1561.0
8792009665,2016-04-24,Sunday,400,0.26,0.26,0.04,0.05,0.16,0.0,3,8,19,1410,1799,4,30,1538.5
8792009665,2016-04-25,Monday,0,0.0,0.0,0.0,0.0,0.0,0.0,0,0,0,1440,1688,4,0,
8792009665,2016-04-26,Tuesday,1321,0.85,0.85,0.0,0.0,0.85,0.0,0,0,80,1360,1928,4,80,1554.1
8792009665,2016-04-27,Wednesday,1758,1.13,1.13,0.0,0.0,1.13,0.0,0,0,112,900,2067,4,112,1555.8
8792009665,2016-04-28,Thursday,6157,3.94,3.94,0.0,0.0,3.94,0.0,0,0,310,714,2780,4,310,1562.7
8792009665,2016-04-29,Friday,8360,5.35,5.35,0.14,0.28,4.93,0.0,6,14,380,634,3101,4,400,1562.6
8792009665,2016-04-30,Saturday,7174,4.59,4.59,0.33,0.36,3.91,0.0,10,20,301,749,2896,4,331,1563.0
8792009665,2016-05-01,Sunday,1619,1.04,1.04,0.0,0.0,1.04,0.0,0,0,79,834,1962,5,79,1556.7
8792009665,2016-05-02,Monday,1831,1.17,1.17,0.0,0.0,1.17,0.0,0,0,101,916,2015,5,101,1565.0
8792009665,2016-05-03,Tuesday,2421,1.55,1.55,0.0,0.0,1.55,0.0,0,0,156,739,2297,5,156,1561.9
8792009665,2016-05-04,Wednesday,2283,1.46,1.46,0.0,0.0,1.46,0.0,0,0,129,848,2067,5,129,1563.7
8792009665,2016-05-05,Thursday,0,0.0,0.0,0.0,0.0,0.0,0.0,0,0,0,1440,1688,5,0,
8792009665,2016-05-06,Friday,0,0.0,0.0,0.0,0.0,0.0,0.0,0,0,0,1440,1688,5,0,
8792009665,2016-05-07,Saturday,0,0.0,0.0,0.0,0.0,0.0,0.0,0,0,0,1440,1688,5,0,
8792009665,2016-05-08,Sunday,0,0.0,0.0,0.0,0.0,0.0,0.0,0,0,0,1440,1688,5,0,
8792009665,2016-05-09,Monday,0,0.0,0.0,0.0,0.0,0.0,0.0,0,0,0,1440,1688,5,0,
8792009665,2016-05-10,Tuesday,0,0.0,0.0,0.0,0.0,0.0,0.0,0,0,0,48,57,5,0,
8877689391,2016-04-12,Tuesday,23186,20.4,20.4,12.22,0.34,7.82,0.0,85,7,312,1036,3921,4,404,1136.6
8877689391,2016-04-13,Wednesday,15337,9.58,9.58,3.55,0.38,5.64,0.0,108,18,216,1098,3566,4,342,1600.9
8877689391,2016-04-14,Thursday,21129,18.98,18.98,10.55,0.59,7.75,0.02,68,13,298,1061,3793,4,379,1113.2
8877689391,2016-04-15,Friday,13422,7.17,7.17,0.05,0.05,7.01,0.01,106,1,281,1052,3934,4,388,1872.0
8877689391,2016-04-16,Saturday,29326,25.29,25.29,13.24,1.21,10.71,0.0,94,29,429,888,4547,4,552,1159.6
8877689391,2016-04-17,Sunday,15118,8.87,8.87,0.0,0.07,8.79,0.0,58,15,307,1060,3545,4,380,1704.4
8877689391,2016-04-18,Monday,11423,8.67,8.67,2.44,0.27,5.94,0.0,29,5,191,1215,2761,4,225,1317.5
8877689391,2016-04-19,Tuesday,18785,17.4,17.4,12.15,0.18,5.03,0.0,82,13,214,1131,3676,4,309,1079.6
8877689391,2016-04-20,Wednesday,19948,18.11,18.11,11.02,0.69,6.34,0.0,73,19,225,1123,3679,4,317,1101.5
8877689391,2016-04-21,Thursday,19377,17.62,17.62,12.29,0.42,4.89,0.0,82,13,226,1119,3659,4,321,1099.7
8877689391,2016-04-22,Friday,18258,16.31,16.31,10.23,0.03,5.97,0.05,61,2,236,1141,3427,4,299,1119.4
8877689391,2016-04-23,Saturday,11200,7.43,7.43,0.0,0.0,7.4,0.01,102,6,300,1032,3891,4,408,1507.4
8877689391,2016-04-24,Sunday,16674,15.74,15.74,11.01,0.01,4.69,0.0,64,1,227,1148,3455,4,292,1059.3
8877689391,2016-04-25,Monday,12986,8.74,8.74,2.37,0.07,6.27,0.01,113,8,218,1101,3802,4,339,1485.8
8877689391,2016-04-26,Tuesday,11101,8.43,8.43,1.76,0.13,6.5,0.0,22,3,258,1157,2860,4,283,1316.8
8877689391,2016-04-27,Wednesday,23629,20.65,20.65,13.07,0.44,7.1,0.0,93,8,235,1104,3808,4,336,1144.3
8877689391,2016-04-28,Thursday,14890,11.3,11.3,4.93,0.38,5.97,0.0,58,8,231,1143,3060,4,297,1317.7
8877689391,2016-04-29,Friday,9733,7.39,7.39,1.38,0.17,5.79,0.0,18,5,210,1207,2698,4,233,1317.1
8877689391,2016-04-30,Saturday,27745,26.72,26.72,21.66,0.08,4.93,0.0,124,4,223,1089,4398,4,351,1038.4
8877689391,2016-05-01,Sunday,10930,8.32,8.32,3.13,0.57,4.57,0.0,36,12,166,1226,2786,5,214,1313.7
8877689391,2016-05-02,Monday,4790,3.64,3.64,0.0,0.0,3.56,0.0,0,0,105,1335,2189,5,105,1315.9
8877689391,2016-05-03,Tuesday,10818,8.21,8.21,1.39,0.1,6.67,0.01,19,3,229,1189,2817,5,251,1317.7
8877689391,2016-05-04,Wednesday,18193,16.3,16.3,10.42,0.31,5.53,0.0,66,8,212,1154,3477,5,286,1116.1
8877689391,2016-05-05,Thursday,14055,10.67,10.67,5.46,0.82,4.37,0.0,67,15,188,1170,3052,5,270,1317.2
8877689391,2016-05-06,Friday,21727,19.34,19.34,12.79,0.29,6.16,0.0,96,17,232,1095,4015,5,345,1123.4
8877689391,2016-05-07,Saturday,12332,8.13,8.13,0.08,0.96,6.99,0.0,105,28,271,1036,4142,5,404,1516.9
8877689391,2016-05-08,Sunday,10686,8.11,8.11,1.08,0.2,6.8,0.0,17,4,245,1174,2847,5,266,1317.6
8877689391,2016-05-09,Monday,20226,18.25,18.25,11.1,0.8,6.24,0.05,73,19,217,1131,3710,5,309,1108.3
8877689391,2016-05-10,Tuesday,10733,8.15,8.15,1.35,0.46,6.28,0.0,18,11,224,1187,2832,5,253,1316.9
8877689391,2016-05-11,Wednesday,21420,19.56,19.56,13.22,0.41,5.89,0.0,88,12,213,1127,3832,5,313,1095.1
8877689391,2016-05-12,Thursday,8064,6.12,6.12,1.82,0.04,4.25,0.0,23,1,137,770,1849,5,161,1317.6
